/*
SQLyog Ultimate v10.00 Beta1
MySQL - 5.6.23-log : Database - travel
*********************************************************************
*/

/*!40101 SET NAMES utf8 */;

/*!40101 SET SQL_MODE=''*/;

/*!40014 SET @OLD_UNIQUE_CHECKS=@@UNIQUE_CHECKS, UNIQUE_CHECKS=0 */;
/*!40014 SET @OLD_FOREIGN_KEY_CHECKS=@@FOREIGN_KEY_CHECKS, FOREIGN_KEY_CHECKS=0 */;
/*!40101 SET @OLD_SQL_MODE=@@SQL_MODE, SQL_MODE='NO_AUTO_VALUE_ON_ZERO' */;
/*!40111 SET @OLD_SQL_NOTES=@@SQL_NOTES, SQL_NOTES=0 */;
CREATE DATABASE /*!32312 IF NOT EXISTS*/`travel` /*!40100 DEFAULT CHARACTER SET utf8 */;

USE `travel`;

/*Table structure for table `admin` */

DROP TABLE IF EXISTS `admin`;

CREATE TABLE `admin` (
  `admin_id` int(11) NOT NULL AUTO_INCREMENT COMMENT '后台用户编号',
  `admin_name` varchar(100) DEFAULT NULL COMMENT '用户名',
  `password` varchar(100) DEFAULT NULL COMMENT '密码',
  `staff_id` int(11) DEFAULT NULL COMMENT '员工编号',
  `role_id` int(11) DEFAULT NULL COMMENT '角色编号',
  PRIMARY KEY (`admin_id`),
  KEY `FKd8vlurk7shm472n9yil1tyvym` (`role_id`),
  KEY `FKpfjyosx85te798iryn7m6cw1u` (`staff_id`),
  CONSTRAINT `FKd8vlurk7shm472n9yil1tyvym` FOREIGN KEY (`role_id`) REFERENCES `role` (`role_id`) ON DELETE SET NULL,
  CONSTRAINT `FKpfjyosx85te798iryn7m6cw1u` FOREIGN KEY (`staff_id`) REFERENCES `staff` (`staff_id`) ON DELETE SET NULL
) ENGINE=InnoDB AUTO_INCREMENT=44 DEFAULT CHARSET=utf8;

/*Data for the table `admin` */

insert  into `admin`(`admin_id`,`admin_name`,`password`,`staff_id`,`role_id`) values (1,'zongbuguanli','zongbuguanli',1,1),(2,'quyuyiguanli','quyuyiguanli',2,2),(3,'quyuerguanli','quyuerguanli',3,3),(4,'quyusanguanli','quyusanguanli',4,4),(5,'wang1daoyou','wang1daoyou',5,14),(6,'wang2daoyou','wang2daoyou',6,14),(7,'wang3daoyou','wang3daoyou',7,14),(8,'wang4daoyou','wang4daoyou',8,14),(9,'wang5daoyou','wang5daoyou',9,14),(35,'xiaowan1111','xiaowan1111',28,NULL),(36,'xiaowan1111','xiaowan1111',28,4),(37,'xiaoli11111','xiaoli11111',NULL,NULL),(38,'xiaowu111','xiaowu111',31,NULL),(39,'xiaowu111','xiaowu111',31,2),(40,'xiaojia111','xiaojia111',32,3),(41,'aoli111','aoli111',33,14),(42,'popo111','popo111',NULL,NULL),(43,'vv111','vv1111',NULL,2);

/*Table structure for table `attraction` */

DROP TABLE IF EXISTS `attraction`;

CREATE TABLE `attraction` (
  `attraction_id` int(11) NOT NULL AUTO_INCREMENT COMMENT '景点编号',
  `attraction_name` varchar(100) DEFAULT NULL COMMENT '景点名称',
  `attraction_desc` text COMMENT '景点介绍',
  `image_url` varchar(100) DEFAULT NULL COMMENT '景点图片',
  `route` text COMMENT '旅游路线',
  `price` double(10,2) DEFAULT NULL,
  PRIMARY KEY (`attraction_id`)
) ENGINE=InnoDB AUTO_INCREMENT=49 DEFAULT CHARSET=utf8;

/*Data for the table `attraction` */

insert  into `attraction`(`attraction_id`,`attraction_name`,`attraction_desc`,`image_url`,`route`,`price`) values (25,'桂林西湖','<p style=\"text-align:center\"><img alt=\"\" src=\"http://localhost:8080/uploadImage/f3c1a64a4d5c4b4da3b0dda995615b1d_00001.jpg\" style=\"height:105px; width:200px\" /></p>\n\n<p style=\"text-align:center\">桂林西山公园的西湖。(资料图)</p>\n\n<p style=\"text-align:center\">　　■杨力叶</p>\n\n<p>　　在桂林城西有一座西山公园，西山脚下的西湖又给人们提供了水上泛舟的便利，每天游人如织，景色令人沉醉。在唐宋时期，这个西湖面积达700多亩，是现在西湖规模的十倍左右，这里风景秀丽，历代文人为它留下了许多优美的文字。然而随着历史的变迁，西湖水面不断遭到蚕食，留给我们的是人与自然如何和谐相处的思考。</p>\n\n<p><strong>　　唐李渤开发了西湖风景片区</strong></p>\n\n<p>　　桂林西湖这一片风景的开发，与唐代一位官员的努力分不开。唐宝历元年(825年)，52岁的李渤被贬，当年二月来到桂林任桂管观察使。李渤为人忠直、刚正不阿，所以他到任桂林的两年时间里也做了不少好事，最为人所称道的是设立了常平仓来储备粮食防灾害，疏浚了灵渠以便利中原和岭南的交通以及周边农田的灌溉，开发隐山和南溪山景区，增加了桂林山水游赏的新去处。其中隐山风景区的开发，更使西湖揭开了她的面纱，让人们发现原来桂林也有一个如此美丽的湖。</p>\n\n<p>　　早在唐代以前，七星山、独秀峰、虞山等这些地方早已成为人们游玩桂林山水的名胜，但隐山和南溪山却一直默默无闻。李渤从政之余喜欢带领随从在桂林周边到处走走，他发现桂林的周边也有美景深藏，只是不便于登临欣赏，于是刚到桂林的第二个月，就&ldquo;发潜敞深，蹬危宅胜&rdquo;，建亭台种松竹，开发了南溪山(南溪这名字还是他自己起的)。随后第六个月便开发了隐山，这一过程在他的副使吴武陵的《新开隐山记》和同事韦宗卿的《隐山六洞记》中有着很清楚的介绍。能发现前人所未发现的美景，而且还能为后人开辟欣赏的便利，这可能是游山玩水的更高境界了吧。</p>\n\n<p>　　隐山在当时桂州城西约三里的地方，原来是一座四面环水，草木葱郁的小山。李渤和下属们发现这座小山上到处有洞，洞中&ldquo;水石清拔，悠然有真趣&rdquo;，这引起了李渤很大的兴趣，于是组织民工在山上建造了亭台，种植花木，给山、泉、溪、潭都分别取了名字，还给隐山的六个洞分别取了名字并刻在洞口上。隐山旁有一个大湖，经过李渤的开发后，当时的隐山有如蓬莱仙境，这一个大湖也吸引人们纷纷前来泛舟，成为又一处旅游胜地。</p>\n\n<p>　　另外值得一提的是，桂林在唐时也开始了它的开发，唐武德四年(621年)，李靖出任桂州总管，便着手营建桂州城。他选取漓江西岸作为筑城的中心，大约在今天的解放东路和正阳路的交叉处。这时的桂州城又叫子城或衙城，是官署衙门的所在地。这一官署所在地的面积比如今的靖江王城还稍小，但是李靖对子城的兴建，奠定了唐代桂州城的基础。</p>\n\n<p>　　其后，随着人口的增长和桂州政治、经济地位的日益提升，公元847年，桂州刺史蔡袭在子城的基础上增筑外城，其范围大致在东到漓江沿岸的滨江路，南到现在的漓江大瀑布饭店，西到中山中路，北到独秀峰北面，外城里住的主要是居民。公元885年，都督陈可环在子城的西北方开辟了一座&ldquo;夹城&rdquo;作为商业区，夹城的中心区在现在的中华路一带。这前后三次的桂州城营建历时200多年，使得桂州城成为当时岭南的一座大城市。</p>\n\n<p><strong>　　朝宗渠的兴废是导致西湖变化的主因</strong></p>\n\n<p>　　到了宋代，西湖经历了一番波折。北宋末年，湖渠堵塞，人们围湖垦田，导致西湖水位下降，水域面积大为缩小。南宋鲍同《复西湖记》记载：&ldquo;按吴武陵《隐山记》、韦宗卿《六洞记》皆述溪潭可方泳，然岁久，废为田，尚可考者特一潭二池。池有芰荷，广不逾寻丈，余尽耕稼之垅矣。&rdquo;南宋乾道二年(1166年)，广南西路经略安抚使张维寻访西湖，发现这一带都变成了公田，&ldquo;仅一线之流注入阳江(桃花江)&rdquo;，甚为感慨。他下决心重振西湖的风姿，组织人力清理淤积，疏浚湖道，修筑斗门，恢复了旧观。然后广种荷花，又在湖岸筑起亭阁，西湖昔日的风姿得以重现。鲍同《复西湖记》记载这一经过后赞叹说这时的西湖&ldquo;胜概为一郡甲&rdquo;，&ldquo;江浙虽称，亦未能过焉&rdquo;，认为比杭州的西湖还要美。</p>\n\n<p>　　宋代时开凿了朝宗渠，引漓江水进入西湖，成为西湖的重要水源之一。后来朝宗渠淤塞，1174年，范成大重开朝宗渠，西湖水面扩大至700余亩，换算起来有46万平方米。我们今天两江四湖中四湖的水面面积总共是38万平方米，而西湖的水面比四湖的水面加起来还要大，可以想见当时的西湖有多大。周去非在《岭外代答》中记录了南宋时期这一环城水系：朝宗渠引漓江水注入西湖，再流向城南，最后在城东回到漓江，形成了一个流动的环城水系。范成大本人也多次到西湖游赏，称赞西湖&ldquo;荷花时有泛舟故事，胜赏甲于东南&rdquo;。后来朝宗渠又淤塞，方信孺在嘉定年间再次修筑，西湖才又重现生机。</p>\n\n<p>　　从这里也可以看出，朝宗渠的兴废是导致了西湖变化的重要原因，一旦连接漓江的朝宗渠被堵上，西湖将会水质下降，范围缩小。宋末元初，元将阿里海牙率兵攻打桂州城，遭到顽强抵抗，遂下令将漓江、阳江(桃花江)、朝宗渠全部塞断或改道，攻下桂州城后也没有采取积极措施去清理河道，造成朝宗渠断流，变成陆地。西湖缺少了重要的水源，日渐缩小。地方豪强也趁机筑坝围田，据为己有，往日七百亩湖面的盛况不再。元至元元年(1335年)，郭思诚《新开西湖记》记载有对西湖的又一次治理，基本恢复原貌，但这已是回光返照之举，自此之后又有人逐年修堰排水，辟为耕地。</p>\n\n<p>　　而这一时期的桂林城在日渐地扩大着。宋代桂州城从一个岭南的郡县小城跃升为广西会府，为了加强军事守备，桂州城得到了大规模的修筑。广西安抚使余靖从1054年开始用了三年半来修筑桂州城，之后李浩、詹仪之、朱希颜、李曾伯等人又对桂州城进行了四次大规模的修筑。在城北鹦鹉山上的一幅《静江府城池图》，就记载了李曾伯修筑桂州城之后的风貌。从这张图上，我们可以看出当时桂林城的范围从东沿着漓江西岸，北到鹦鹉山，西到丽泽桥，南到古南门这一带，相对于唐时已经有了很大的变化。而随着政治地位的提升，经济文化的发展，桂林也成为祖国西南地区繁盛的&ldquo;都会之府&rdquo;。</p>\n\n<p><strong>　　如今西湖面积是当初的十分之一</strong></p>\n\n<p>　　明代初期，西湖已无可挽回地面积日减，废为陆地。明嘉靖年间，西湖淤积严重，有的地方荒废成稻田，有的地方变成了藕池。张鸣凤写于明万历十七年(1589年)的《桂胜》记载：&ldquo;(西湖)今悉为田，仅余一线水，出注阳江(桃花江)。&rdquo;</p>\n\n<p>　　西湖的衰颓也影响到了周围的景致。如著名的桂林八景西山&ldquo;西峰夕照&rdquo;，西湖成为田后，游人日少，山上建筑逐渐失修或遭破坏，西山渐渐冷清，张鸣凤眼中的西山已是&ldquo;楼阁尘销，文字露立，鸟鸣荒冢，草蔓石阶&rdquo;。文学家俞安期游隐山六洞，也说&ldquo;在昔诸洞，得水增观。西湖既陆，洞壑亦枯&rdquo;。徐霞客在1637年来到桂林，本想考察一下桂林西湖，却发现再也不见前人所说的西湖美景了，只好在日记里写下&ldquo;今则西江南下，湖变成田，沧桑之感有余，荡漾之观不足矣&rdquo;的文字。</p>\n\n<p>　　到了清代，西湖昔日七百亩波光潋滟的湖面已变成蛙鸣不已的良田一片，清人黄之隽《游隐山记》写道：&ldquo;洞外夷旷，可眺稻畦数百亩，周护隐山。噫，此即唐李渤所辟之西湖也。&rdquo;两广总督阮元也在《隐山铭》中发出&ldquo;何人能复西湖之旧&rdquo;的慨叹。</p>\n\n<p>　　民国时期，修筑湘桂铁路，把仅剩的一点西湖湖面东西一分为二，昔日的阳江源口潜洞山也被轰成了小山坡。抗战时期，修筑西山公路，又把剩下的西湖南北一分为二，分割成小块的西湖有的被填成了陆地，剩下的就成了现在所见到的面积只有70余亩的西湖。</p>\n\n<p>　　曾经有一句话叫做&ldquo;天下西湖三十六，就中最大是桂林&rdquo;，但俱往矣，如今西湖栖身于西山之下，她的娇小使西山公园映衬出更加秀美的景致。桂林西湖的变迁是一段沧桑的历史，纵观西湖变迁的原因，不难发现人为的因素占了主要部分，这也为我们如何解决城市发展中的人地矛盾提供了借鉴。也许，这就是桂林西湖带给我们的意义吧。</p>\n\n<p>&nbsp;</p>\n','00001.jpg','Day 1 : 杭州——西湖、西溪湿地  Day 2 : 苏州——苏州园林、寒山寺、夜游山塘  Day 3 : 上海——东方明珠、外滩、城隍庙  Day 4 :  千岛湖',NULL),(26,'非洲雨林','<p style=\"text-align:center\"><img alt=\"\" src=\"http://localhost:8080/uploadImage/a6fcfc7550dc44efb62e35159b57c16b_00002.jpg\" style=\"height:300px; width:400px\" />&nbsp; &nbsp; &nbsp; &nbsp;</p>\n\n<p style=\"text-align:center\">埃及金字塔（Pyramids）建于4500年前，是古埃及法老（国王）和王后的陵墓。陵墓是用巨大石块修砌成的方锥形建筑，陵墓基座为正方形，四面则是四个相等的三角形（即方锥体），侧影类似汉字的&ldquo;金&rdquo;字，故汉语称为金字塔。埃及迄今已发现大大小小的金字塔110多座，大多建于埃及古王朝时期。埃及金字塔是至今最大的建筑群之一，成为了古埃及文明最有影响力和持久的象徵之一，这些金字塔大部份建造于埃及古王国和中王国时期。古代埃及人对神的虔诚信仰，使其很早就形成了一个根深蒂固的&ldquo;来世观念&rdquo;，他们甚至认为&ldquo;人生只不过是一个短暂的居留，而死后才是永久的享受&rdquo;。因而，埃及人把冥世看做是尘世生活的延续。受这种&ldquo;来世观念&rdquo;的影响，古埃及人活着的时候，就诚心备至、充满信心地为死后做准备。每一个有钱的埃及人都要忙着为自己准备坟墓，并用各种物品去装饰坟墓，以求死后获得永生。法老或贵族会花费几年，甚至几十年的时间去建造坟墓，最&hellip;&hellip;<a href=\"http://www.bytravel.cn/Landscape/22/jinzita.html\">[详细]</a></p>\n\n<p>2、<a href=\"http://www.bytravel.cn/Landscape/17/diqiudeshangba--dongfeidaliegu.html\" target=\"_blank\">东非大裂谷</a></p>\n\n<p>推荐2</p>\n\n<p style=\"text-align:center\"><a href=\"http://www.bytravel.cn/Landscape/17/diqiudeshangba--dongfeidaliegu.html\" target=\"_blank\"><img alt=\"东非大裂谷\" src=\"http://h2.bytravel.cn/www/17/head/17201.gif\" /></a></p>\n\n<p>　　东非大裂谷是地球上最长的裂谷带，总长6400公里，平均宽度为48?65公里，最宽处达200公里以上，在裂谷断层的深处形成众多的湖泊。裂谷两侧悬崖绝壁宛如鬼斧神刀劈成一般。大裂谷绵延不绝，深不见底，沿途湖光山色交汇成趣，其景致为世上绝无仅有。东非大裂谷北起西亚的死海??约旦河谷地，南出亚喀巴湾经红海，由东北向西南纵贯埃塞俄比亚高原中部。抵达埃塞俄比亚南端的阿巴亚湖后，大裂谷分成东西两支继续向南延伸。东支裂谷为主裂谷，它经肯尼亚北端的图尔卡纳湖向南纵贯肯尼亚高地，过马尼亚拉湖向西南延伸至坦桑尼亚南端的马拉维湖。西支裂谷出阿巴亚湖后，经蒙博托湖、爱德华湖、基伍湖、坦噶尼喀湖、鲁夸湖，呈弧形入马拉维湖。至此，一度分开的大裂谷又重归一处，并继续向南延伸，经希雷河达赞比亚河河口入印度洋消失。东非裂谷带地形复杂，千姿百态。有时高峰矗立，层峦叠嶂；有时峡谷含幽，湖光秀美。裂谷带火山林立，多姿多彩。在众多的&hellip;&hellip;<a href=\"http://www.bytravel.cn/Landscape/17/diqiudeshangba--dongfeidaliegu.html\">[详细]</a></p>\n\n<p>3、<a href=\"http://www.bytravel.cn/Landscape/22/jieneigucheng.html\" target=\"_blank\">杰内古城</a></p>\n\n<p>推荐3</p>\n\n<p style=\"text-align:center\"><a href=\"http://www.bytravel.cn/Landscape/22/jieneigucheng.html\" target=\"_blank\"><img alt=\"杰内古城\" src=\"http://h2.bytravel.cn/www/22/head/21894.gif\" /></a></p>\n\n<p>　　被世人美喻为&ldquo;尼日尔河谷的宝石&rdquo;的杰内古城，位于马里中部尼日尔河内三角洲最南端，以独特的撒哈拉&mdash;&mdash;苏丹建筑风格以及摩尔式建筑和灿烂的伊斯兰文化而驰名世界。杰内古城建立于公元800年，毗邻撒哈拉和多雨的苏丹地区，位于游牧地区和固定居住区的切换点上。它建造在尼日尔河流域一个防御性的小岛上，从河边到有贸易往来的游牧人城镇廷巴克图只有500公里。城内的古建筑约有2000座，都被完好地保存下来。为适应季节性洪水，房屋建在了小丘之上。碧绿的巴尼河缓缓流过这座历史古城的市区。市内沟渠纵横，小桥卧波，流水潺潺，各式建筑掩映在高大挺拔、郁郁葱葱的芒果树丛中，还有茁壮的棕榈树、香蕉果，鲜花繁茂，芳草如茵。王侯宅第、清真寺院、学者陵墓等各种建筑展现出一派热带水乡泽国的城市景象。杰内古城是前伊斯兰教文化在尼日尔河内三角洲发展的杰出典范，整个杰内古城是一段辉煌历史时期的展现。杰内古城以光辉灿烂的伊斯兰文化和盛极一时&hellip;&hellip;<a href=\"http://www.bytravel.cn/Landscape/22/jieneigucheng.html\">[详细]</a></p>\n\n<p>4、<a href=\"http://www.bytravel.cn/Landscape/17/engeluoengeluoziranbaohuqu.html\" target=\"_blank\">恩戈罗恩戈罗自然保护区</a></p>\n\n<p>推荐4</p>\n\n<p style=\"text-align:center\"><a href=\"http://www.bytravel.cn/Landscape/17/engeluoengeluoziranbaohuqu.html\" target=\"_blank\"><img alt=\"恩戈罗恩戈罗自然保护区\" src=\"http://h2.bytravel.cn/www/17/head/17230.gif\" /></a></p>\n\n<p>　　景点介绍 在巨大的恩戈罗恩戈罗火山口内是野生动物的聚集地，有大量的大型哺乳物。在附近的奥杜瓦伊峡谷，曾经出土早期人类的化石，以及人类生活的足迹。坦桑尼亚政府为了保护这里的野生动物，曾经投入大量的人力和物力。 恩戈罗恩戈罗自然保护区位于坦桑尼亚共和国北部。1979年被列入世界遗产名录。保护区是一片辽阔的高原火山区，西接塞伦盖蒂国家公园，东连马尼亚腊湖国家公园，占地80,944平方公里。该地区于1957年在行政上从塞伦盖蒂国家公园的范围内划出，成为独立的自然保护区。区内有闻名遐迩的恩戈罗恩戈罗火山口、奥杜瓦伊峡谷和已成深湖的恩帕卡艾火山口。 每年五六月间，庞大的斑马群和花斑牛羚群汇聚在塞伦盖蒂高原，六七匹一排横立，准备开始行程500公里的向西迁徙。恩戈罗恩戈罗自然保护区的这一壮观景象举世罕见。 恩戈罗恩戈罗火山口是世界上最完整的火山口，海拔2286米。800万年前恩戈罗恩戈罗曾是一座活火山&hellip;&hellip;<a href=\"http://www.bytravel.cn/Landscape/17/engeluoengeluoziranbaohuqu.html\">[详细]</a></p>\n\n<p>5、<a href=\"http://www.bytravel.cn/Landscape/43/salongjiaguojiagongyuan.html\" target=\"_blank\">萨隆加国家公园</a></p>\n\n<p>推荐5</p>\n\n<p style=\"text-align:center\"><a href=\"http://www.bytravel.cn/Landscape/43/salongjiaguojiagongyuan.html\" target=\"_blank\"><img alt=\"萨隆加国家公园\" src=\"http://h2.bytravel.cn/www/43/head/43032.gif\" /></a></p>\n\n<p>　　萨隆加国家公园，位于扎伊尔自然保护区，地处非洲中部平原，面积广达3.6万平方公里。海拔200-500米。属热带雨林区。1970年为保护赤道森林环境建立，是世界最大的森林公园之一。分南、北两大片，管理处设在蒙科托。境内动植物种类繁多，特产矮黑猩猩。萨隆加国家公园的大部分地区覆盖着赤道森林，随地形的不同植被构成也会有所变化。森林主要生长在沼泽、河边和干地上。河间的土地上生长的几乎全是半落叶林，河岸上则是一些早生或成长期短的植物。北部地区是茂密的草地（而非稀树大草原），占公园整个面积的0.5%。目前对萨隆加国家公园的植被构成研究甚少。迄今为止，对于公园的动物构成也没有系统地调查过，但可以肯定这里有大多数森林动物物种。报道过的萨隆加国家公园里的动物中，非洲小人猿可是个响当当的&ldquo;人物&rdquo;。它是扎伊尔特有的动物，但现已在公园北部地区绝迹，有消息说南部地区或许还有。其它动物包括疣猴、褐色长尾猴、长尾穿山甲&hellip;&hellip;<a href=\"http://www.bytravel.cn/Landscape/43/salongjiaguojiagongyuan.html\">[详细]</a></p>\n','00002.jpg','Day1：摩洛哥晚私家团·Day2：蓝色之城舍夫沙万Day3：撒哈拉沙漠 Day4：三大皇城古都 Day5：千年古罗马遗迹 Day6：涂鸦艺术小镇',NULL),(27,'埃利岛屿','<p style=\"text-align:center\"><img alt=\"\" src=\"http://localhost:8080/uploadImage/60a6262c1c984e46a68eca37da926e7e_00003.jpg\" style=\"height:300px; width:400px\" /></p>\n\n<p>马尔代夫的岛屿有1000多个，开发成旅游岛的也有100多个，如果从这100多个岛屿中选择出自己喜欢的岛，是个很麻烦很纠结的事情。在这里，我会列出以下选岛的方法来供大家参考参考的。<br />\n　　1.时间选择<br />\n　　淡旺季划分在很多游记中都有所提及。一般来说，每年的5-7月价格为全年最低，8-10月为雨季后期，价格略有上涨；11-4月算是旺季，可1月中旬至4月下旬的价格并没那么吓人，稍有下降的，最高价只出现在圣诞节前后。</p>\n\n<p style=\"text-align:center\"><img alt=\"\" src=\"http://localhost:8080/uploadImage/fd03226e63bd4de7a50591034763d21b_1.jpg\" style=\"height:263px; width:400px\" /></p>\n\n<p>　　2.浮潜等级<br />\n　　去了马尔代夫，浮潜是肯定要去，看看水下的珊瑚，鱼，那可是非常享受的事情呢。马尔代夫的浮潜等级大致的可以分成三种：A级，B级和C级。A级浮潜是最好的，水下的珊瑚和鱼都是很多的。<br />\n　　下面就来一张水下的照片。</p>\n\n<p style=\"text-align:center\"><img alt=\"\" src=\"http://localhost:8080/uploadImage/14b33dfa28404926993183ac1363ff51_2.jpg\" style=\"height:335px; width:481px\" /></p>\n\n<p>　　3.上岛交通<br />\n　　马尔代夫的海上交通工具主要分为三种：快艇，水上飞机（水飞），内陆飞机（内飞）。<br />\n　　快艇，主要是一些距离马累岛比较近的酒店所选择的上岛方式，这个的优点就是24小时都有的，对于上岛时间没有任何限制。</p>\n\n<p style=\"text-align:center\"><img alt=\"\" src=\"http://localhost:8080/uploadImage/db83d1dd9ec64ea59ae03393cc2a1c2d_3.jpg\" style=\"height:248px; width:400px\" /></p>\n\n<p>　　水飞，这个是一些距离马累岛比较远的酒店的上岛方式，水飞的话，就是飞行比较低，可以从较好的视角俯瞰岛马代的绚丽景色。但是水飞有一点就是噪音比较大，一般搭乘水飞的都是会准备个耳塞，而且水飞时间最好是半个小时左右，不然再好的景色，在噪音和颠簸下都会荡然失色。<br />\n　　内飞，内飞的岛屿一般都是哪些距离马累很远的岛。内飞相较于水飞来说。飞的更高。整个乘坐空间都是封闭的，噪音也比较小。内飞的话，时间一般都是在1个小时左右的。</p>\n','00003.jpg','Day1：幸福岛，Day2：蓝色美人蕉，Day3班多士岛',NULL),(28,'巴黎埃菲尔铁塔','<p style=\"text-align:center\"><img alt=\"\" src=\"http://localhost:8080/uploadImage/702be35d5f7149a786c12b5aa59023a8_00004.jpg\" style=\"height:382px; width:400px\" /></p>\n\n<p>&nbsp; &nbsp; &nbsp; 埃菲尔铁塔（<a href=\"https://baike.so.com/doc/3757364.html\" target=\"_blank\">法语</a>：La Tour Eiffel；英语：Eiffel Tower）矗立在法国巴黎的<a href=\"https://baike.so.com/doc/6145504.html\" target=\"_blank\">战神广场</a>，是世界著名建筑，也是法国文化象征之一，巴黎城市地标之一，也是巴黎最高建筑物，高300米，天线高24米，总高324米，于1889年建成，得名于设计它的著名建筑师、结构工程师古斯塔夫&middot;埃菲尔。 铁塔设计新颖独特，是世界建筑史上的技术杰作，是法国巴黎的重要景点和突出标志。&nbsp;</p>\n\n<p>&nbsp; &nbsp; &nbsp; 1889年5月15日，为给<a href=\"https://baike.so.com/doc/734415.html\" target=\"_blank\">世界博览会</a>开幕典礼剪彩，铁塔的设计师<a href=\"https://baike.so.com/doc/5585206.html\" target=\"_blank\">古斯塔夫&middot;埃菲尔</a>亲手将法国国旗升上铁塔的300米高空，由此，人们为了纪念他对法国和巴黎的这一贡献，特别还在塔下为他塑造了一座半身铜像。</p>\n\n<p>&nbsp; &nbsp; &nbsp; 因为法国<a href=\"https://baike.so.com/doc/263023-278432.html\" target=\"_blank\">巴黎</a>是浪漫之都，建筑物也都是低矮而且富有情调的，但是在市中心突然耸立起这个丑陋的、突兀的钢铁庞然大物，让巴黎市民很气愤，曾多次想拆除埃菲尔铁塔，认为它是影响巴黎市容，是巴黎最糟糕、最失败的建筑物，而现在却成了法国甚至是全世界最吸金的建筑地标，2011年约有698万人参观，在2010年累计参观人数已超过二亿五千万人，每年为巴黎带来15亿欧元的旅游收入。巴黎人民也接受了它，并把埃菲尔铁塔当做法国的象征。</p>\n\n<p>&nbsp; &nbsp; &nbsp; 埃菲尔铁塔经历了百年风雨，但在经过上世纪80年代初的大修之后风采依旧，巍然屹立在<a href=\"https://baike.so.com/doc/5336385.html\" target=\"_blank\">塞纳河</a>畔。它是全体法国人民的骄傲，也是世界的骄傲。</p>\n\n<p>&nbsp; &nbsp; &nbsp; ​1880年法国刚刚摆脱<a href=\"https://baike.so.com/doc/1915184-2026308.html\" target=\"_blank\">普法战争</a>中的耻辱，为了显示国力，1889年5月5日至11月6日，法国巴黎将再次举办世博会，主体是庆祝<a href=\"https://baike.so.com/doc/5352032-5587490.html\" target=\"_blank\">法国大革命</a>胜利100周年。1886年5月，法国政府决定在巴黎战神广场设计一座高塔。条件有二个：高塔能吸引参观者买票参观；世博会后能轻易拆除。</p>\n\n<h2><strong>历史沿革</strong></h2>\n\n<p style=\"text-align:center\"><a href=\"https://p1.ssl.qhmsg.com/t01d8c7ca5547161fa1.png\"><img id=\"img_10882804\" src=\"https://p1.ssl.qhmsg.com/dr/220__/t01d8c7ca5547161fa1.png\" /></a></p>\n\n<p>&nbsp; &nbsp; &nbsp; 1886年11月，法国贸易部长批准了埃菲尔团队的最后建塔方案。</p>\n\n<p>&nbsp; &nbsp; &nbsp; 1887年1月26日，埃菲尔铁塔正式开工。</p>\n\n<p>&nbsp; &nbsp; &nbsp; 1887年2月24日，巴黎的文学艺术和建筑界参与抗议，其中包括法国作家<a href=\"https://baike.so.com/doc/10569458-11094811.html\" target=\"_blank\">莫泊桑</a>，这份《反对修建巴黎铁塔》的抗议书，总共有300多著名人士签名。</p>\n\n<p>&nbsp; &nbsp; &nbsp; 1889年3月31日，埃菲尔铁塔主建筑修建完工。埃菲尔铁塔成了当年世博会最经典的建筑</p>\n\n<p>&nbsp; &nbsp; &nbsp; 1989年3月31日，埃菲尔铁塔整整100岁。</p>\n\n<p>&nbsp; &nbsp; &nbsp; 2004年1月16日，为申办2012年夏季奥运会，巴黎市政府特意选择在埃菲尔铁塔上介绍他们为申奥的各项准备。<a href=\"https://baike.so.com/doc/3011131-3175372.html#refff_3011131-3175372-1\" name=\"refer_3011131-3175372-5261273\">[1]</a></p>\n\n<p>&nbsp; &nbsp; &nbsp; 2018年4月14日，因安保人员罢工，埃菲尔铁塔无限期关闭。<a href=\"https://baike.so.com/doc/3011131-3175372.html#refff_3011131-3175372-3\" name=\"refer_3011131-3175372-14845784\">[3]</a></p>\n\n<h2><strong>建筑设计</strong></h2>\n\n<h3><strong>结构体系</strong></h3>\n\n<p style=\"text-align:center\"><a href=\"https://p1.ssl.qhmsg.com/t0159cae4519afd457c.png\"><img id=\"img_10882805\" src=\"https://p1.ssl.qhmsg.com/dr/220__/t0159cae4519afd457c.png\" /></a></p>\n\n<p>&nbsp; &nbsp; &nbsp; 埃菲尔铁塔的结构体系既直观又简洁：底部是分布在每边128m长底座上的4个巨型倾斜柱墩，倾角54&deg;，由57.63m高度处的第一层平台联系支承；第一层平台和115.73m高度处的第二层平台之间是4个微曲的立柱 ；再向上4个立柱转化为几乎垂直的、刚度很大的方尖塔，其间在276.13m高度处设有第三层平台；在300.65m高度处是塔顶平台，布置有电视天线。铁塔总重10000t，承担这些重量的是4个坚固的直伸至下卧持力土层的沉箱基础。在1884年6月的时候，埃菲尔设计事务所的两位主要工程师EmileNouguier和MauriceKoechlin就有了设计一座超高塔的思想。初步的设计像一个巨大的塔架，有四个由格构梁架构成的支腿，分立支撑在基础上并在塔顶收在一起，其间布置等间距横梁联系。为了更加合意公众的评价，Nouguier和Koechlin邀请建筑师StephenSauvestre对结构的表现形式作进一步处理。Sauvestre提议用石砌台座整饰塔脚，用具有纪念性的拱结构连接四个塔柱与第一层平台，每层平台设大型玻璃墙大厅，顶部采用球状造型等装饰手法来亮化结构。在其后的设计中工程师们进行了进一步的完善，像巨型拱之类的一些设计思想得到保留，并给铁塔以极富性格的表现。另外，横梁的设置得到简化并与塔柱优化以后的线形相协调，使铁塔结构受力更加简捷，形式更加优美，高扬的动势更加强烈。</p>\n\n<p>第一平台底部4个连接倾斜柱墩的大拱起初是为装饰用的，有人认为这4个拱破坏了塔结构的直线性、简洁性和&ldquo;诚实&rdquo;性，也损害了塔身的美观，但事实上这个&ldquo;伪拱&rdquo;已被公认为塔身外形的一个基本组成部分。如果说是横梁将四个塔柱简单联系在一起，那么，巨型拱的设置则把塔柱统一到铁塔这一整体中来。而且装饰拱的曲线线形与塔柱的曲线线形也很协调。从图上也可以看出，部斜塔柱与水平横梁的装饰拱也具有一定的结构功能，虽然拱不承担塔柱向下传递的竖向荷载，但却使塔柱与横梁的连接加强，并使<a href=\"https://baike.so.com/doc/688535-728764.html\" target=\"_blank\">水平荷载</a>作用下横梁与斜塔柱间的力流更加顺畅。从铁塔的初步设想图中可以看出，下横梁和塔柱的联结也表现出接头处曲线过渡的想法，只是在建筑师的建议下，通过不断的优化，使结构表现的更加充分，整体形式更加统一。</p>\n\n<h3><strong>建筑大师</strong></h3>\n\n<p style=\"text-align:center\"><a href=\"https://p1.ssl.qhmsg.com/t0198563da11a0447bf.png\"><img alt=\"古斯塔夫·埃菲尔\" id=\"img_10882806\" src=\"https://p1.ssl.qhmsg.com/dr/220__/t0198563da11a0447bf.png\" title=\"古斯塔夫·埃菲尔\" /></a></p>\n\n<p>&nbsp; &nbsp; &nbsp; 埃菲尔铁塔是由<a href=\"https://baike.so.com/doc/5585206-5797800.html\" target=\"_blank\">古斯塔夫&middot;埃菲尔</a>设计的，<a href=\"https://baike.so.com/doc/5585206-5797800.html\" target=\"_blank\">古斯塔夫&middot;埃菲尔</a>出生于1832年<a href=\"https://p1.ssl.qhmsg.com/t0198563da11a0447bf.png\">古斯塔夫&middot;埃菲尔</a>法国东部的第戎城。20岁以优异的成绩考上了培养工程师的法国国立工艺学院。在那里他租用了单身宿舍，经常挤在桌子和火炉中间通宵达旦埋头读书。不久，他以良好的成绩领到了工程师的毕业文凭。毕业后，<a href=\"https://baike.so.com/doc/5582366-5795270.html\" target=\"_blank\">埃菲尔</a>经朋友介绍进入西部铁路局研究室任工程师。从此，埃菲尔踏上了一个建筑结构工程师的工作道路，为人类的进步与文明贡献自己的杰出才华。</p>\n\n<p>&nbsp; &nbsp; &nbsp; 1860年，埃菲尔完成了当时法国著名的波尔多大桥工程，将长达500米的钢铁构件，架设在跨越吉隆河中的6个桥墩上。这项巨大工程的完成，使埃菲尔在整个工程界的名声大振。埃菲尔肯钻研，敢革新，大胆使用钢材和混凝土，使土木建筑从&ldquo;土&rdquo;和&ldquo;木&rdquo;中解脱出来。他为设计铁塔付出了巨大的劳动，仅设计图纸就有5000多张。这些宝贵的资料，作为埃菲尔劳动的结晶，至今仍被人们妥善地保存在巴黎。</p>\n\n<h2><strong>建筑用材</strong></h2>\n\n<p>&nbsp; &nbsp; &nbsp; 埃菲尔铁塔高300米，天线高24米，相当于100层楼高，铁塔是由很多分散的钢铁构件组成的&mdash;&mdash;看起来就像一堆模型的组件。钢铁构件有18038个，重达10000吨，施工时共钻孔700万个，使用铆钉250万个。除了四个脚是用钢筋水泥之外，全身都用钢铁构成，塔身总重量7000吨。每隔7年油漆一次，每次用漆52吨。塔分三楼，分别在离地面57.6米、115.7米和276.1米处，其中一、二楼设有餐厅，第三楼建有观景台，从塔座到塔顶共有1711级阶梯，共用去钢铁7000吨，12000个金属部件，259万只铆钉。</p>\n\n<h2><strong>内部结构</strong></h2>\n\n<p>&nbsp; &nbsp; &nbsp; 法国人说，埃菲尔铁塔是&ldquo;首都的瞭望台&rdquo;，事实的确如此。它设有上、中、下三个瞭望台，可同时容纳上万人，三个瞭望台各有不同的视野，也带来不同的情趣。一个世纪以来，每年大约有300万人登临塔顶，俯瞰巴黎市容，叹为观止。</p>\n\n<p style=\"text-align:center\"><a href=\"https://p1.ssl.qhmsg.com/t01796b04699360c26a.png\"><img alt=\"第一层\" id=\"img_10882807\" src=\"https://p1.ssl.qhmsg.com/dr/220__/t01796b04699360c26a.png\" title=\"第一层\" /></a></p>\n\n<p>&nbsp; &nbsp; &nbsp; 最高层瞭望台离地面274米，若沿1652级阶梯而上，差不多要一个小时，<a href=\"https://p1.ssl.qhmsg.com/t01796b04699360c26a.png\">第一层</a>当然也可采电梯登高。这里最宜远望，它会使人们产生这样一种感觉：嘈杂的巴黎忽然静了下来，变成一幅巨大的地图，条条大道条条小巷划出无数根宽窄不同的线。全巴黎尽在脚下，当白天视野清晰时，极目可望60公里开外。</p>\n\n<p>&nbsp; &nbsp; &nbsp; 中层瞭望台离地面115米。有人说，从这一层向外张望可以看到最佳景色。的确，淡黄色的<a href=\"https://baike.so.com/doc/1408017-1489321.html\" target=\"_blank\">凯旋门</a>城楼、绿荫中的<a href=\"https://baike.so.com/doc/5124965-5354194.html\" target=\"_blank\">卢浮宫</a>、白色的蒙马圣心教堂都清晰可见，色彩斑斓。傍晚登塔，则见夜色如画，繁灯似锦，翠映林荫，那些交织如网的街灯，真如雨后珠网，粒粒晶莹。这一层还有一个装潢考究的全景餐厅，终年都是顾客盈门，座位必须提前预订才行。</p>\n\n<p>&nbsp; &nbsp; &nbsp; 最下层瞭望台面积最大，相当宽敞，设有会议厅、电影厅、餐厅、商店和邮局等各种服务设施。在穿梭往来的人群中，好像置身于闹市，而忘记这毕竟是57米的高空。从这里观赏近景最为理想。北面的夏洛宫及其水花飞溅的喷水池、塔脚下静静流过的塞纳河水、南面战神校场的大草坪和法兰西军校的古老建筑，构成了一幅令人难忘的风景画。</p>\n\n<h2><strong>建筑历程</strong></h2>\n\n<h3><strong>建造契机</strong></h3>\n\n<p>&nbsp; &nbsp; &nbsp; 1889年正值法国大革命爆发100周年，法国人希望借举办<a href=\"https://baike.so.com/doc/734415-777502.html\" target=\"_blank\">世博会</a>之机留给世人深刻的印象，尤其是1851年伦敦举办<a href=\"https://baike.so.com/doc/734415-777502.html\" target=\"_blank\">万国博览会</a>取得了空前的成功之后，巴黎更是不甘落后。法国人一直想建造一个超过英国&ldquo;<a href=\"https://baike.so.com/doc/5429745-7569611.html\" target=\"_blank\">水晶宫</a>&rdquo;的博览会建筑，于1886年开始举行设计竞赛征集方案，其宗旨为&ldquo;创作一件能象征19世纪技术成果的作品&rdquo;。</p>\n\n<h3><strong>构想形成</strong></h3>\n\n<p style=\"text-align:center\"><a href=\"https://p1.ssl.qhmsg.com/t0103f109208518b2c8.png\"><img alt=\"埃菲尔铁塔\" id=\"img_10882808\" src=\"https://p1.ssl.qhmsg.com/dr/220__/t0103f109208518b2c8.png\" title=\"埃菲尔铁塔\" /></a></p>\n\n<p>&nbsp; &nbsp; &nbsp; <a href=\"https://p1.ssl.qhmsg.com/t0103f109208518b2c8.png\">埃菲尔铁塔</a>1885年，法国官方开始计划于1889年举行一个大博览会（Great Exposition），用以庆祝法国革命胜利100周年。他们希望建造一个可以代表法国荣誉的纪念碑。</p>\n\n<p>当时，石制的<a href=\"https://baike.so.com/doc/6479119-6692822.html\" target=\"_blank\">华盛顿纪念碑</a>刚刚完工。这座高达557英尺的纪念碑，成为了当时世界上最高的建筑。而法国人希望超越这一纪录，在巴黎市中心建造一个1000英尺的高塔。需要做的就是找到这个塔的设计和建筑师。</p>\n\n<h3>&nbsp;</h3>\n','00004.jpg','Day1：夏约宫(Palais de Chaillot)的大露台是观看铁塔的最佳点(搭乘地铁M6和M9到Trocadero站)，下午到日落时为佳。塞纳河边的Avenue de New York也是拍摄观赏铁塔的不错选择。',NULL),(29,'云南小树林','<p style=\"text-align:center\"><img alt=\"\" src=\"http://localhost:8080/uploadImage/bfd32dbb98d34f9699ae1e12225bf5ab_00005.jpg\" style=\"height:225px; width:400px\" /></p>\n\n<p>云南冬天的树林<br />\n　　在冬天，云南的树一片苍绿。无论是<a href=\"http://www.so.com/s?q=%E5%8F%B6%E5%AD%90&amp;ie=utf-8&amp;src=internal_wenda_recommend_textn\" target=\"_blank\">叶子</a>阔大的树，还是叶子尖细的树，抑或叶子修长的树，都是绿的，只是由于<a href=\"http://www.so.com/s?q=%E6%B0%94%E6%B8%A9&amp;ie=utf-8&amp;src=internal_wenda_recommend_textn\" target=\"_blank\">气温</a>不同，所以绿色有深有浅，有轻有重。从云南群山的某一座山峰往下望去，只见一片葱茏，这时已是12月底，一点冷落的迹象也没有，偶尔的有些<a href=\"http://www.so.com/s?q=%E7%BA%A2%E5%8F%B6&amp;ie=utf-8&amp;src=internal_wenda_recommend_textn\" target=\"_blank\">红叶</a>、<a href=\"http://www.so.com/s?q=%E9%BB%84%E5%8F%B6&amp;ie=utf-8&amp;src=internal_wenda_recommend_textn\" target=\"_blank\">黄叶</a>从这里那里冒出来，使<a href=\"http://www.so.com/s?q=%E5%B1%B1%E6%9E%97&amp;ie=utf-8&amp;src=internal_wenda_recommend_textn\" target=\"_blank\">山林</a>的<a href=\"http://www.so.com/s?q=%E8%B0%83%E5%AD%90&amp;ie=utf-8&amp;src=internal_wenda_recommend_textn\" target=\"_blank\">调子</a>显得更为暖和。一直到3月份，这无边无际的绿色也不落去，它直接<a href=\"http://www.so.com/s?q=%E5%9C%A8%E6%A0%91%E4%B8%8A&amp;ie=utf-8&amp;src=internal_wenda_recommend_textn\" target=\"_blank\">在树上</a>转为了<a href=\"http://www.so.com/s?q=%E6%98%A5%E5%A4%A9&amp;ie=utf-8&amp;src=internal_wenda_recommend_textn\" target=\"_blank\">春天</a>的嫩绿。<br />\n　　在冬天的云南，要获得一种史蒂文森所谓&ldquo;冬天的心境&rdquo;很不容易，要见着&ldquo;在冬天，乌鸦和雪&rdquo;这类实况，得往<a href=\"http://www.so.com/s?q=%E5%8C%97%E6%96%B9&amp;ie=utf-8&amp;src=internal_wenda_recommend_textn\" target=\"_blank\">北方</a>走，越过许多绿色的峡谷和永不结冰的<a href=\"http://www.so.com/s?q=%E5%A4%A7%E6%B2%B3&amp;ie=utf-8&amp;src=internal_wenda_recommend_textn\" target=\"_blank\">大河</a>，一直到进入北纬25&deg;的附近。云南的冬天没有通常<a href=\"http://www.so.com/s?q=%E8%AF%97%E6%AD%8C&amp;ie=utf-8&amp;src=internal_wenda_recommend_textn\" target=\"_blank\">诗歌</a>所惯写的某些<a href=\"http://www.so.com/s?q=%E5%86%AC%E5%A4%A9%E6%84%8F%E8%B1%A1&amp;ie=utf-8&amp;src=internal_wenda_recommend_textn\" target=\"_blank\">冬天意象</a>，在这里，冬天这个<a href=\"http://www.so.com/s?q=%E6%97%B6%E9%97%B4%E6%A6%82%E5%BF%B5&amp;ie=utf-8&amp;src=internal_wenda_recommend_textn\" target=\"_blank\">时间概念</a>所暗示的只是一种教科书上的<a href=\"http://www.so.com/s?q=%E6%96%87%E5%8C%96&amp;ie=utf-8&amp;src=internal_wenda_recommend_textn\" target=\"_blank\">文化</a>，一个云南口音的罗曼蒂克小<a href=\"http://www.so.com/s?q=%E8%AF%97%E4%BA%BA&amp;ie=utf-8&amp;src=internal_wenda_recommend_textn\" target=\"_blank\">诗人</a><a href=\"http://www.so.com/s?q=%E5%B9%BB%E8%A7%89&amp;ie=utf-8&amp;src=internal_wenda_recommend_textn\" target=\"_blank\">幻觉</a>中的小矮人和白雪公主；一个来自外省的<a href=\"http://www.so.com/s?q=%E6%BC%AB%E6%B8%B8%E8%80%85&amp;ie=utf-8&amp;src=internal_wenda_recommend_textn\" target=\"_blank\">漫游者</a>所讲述的关于<a href=\"http://www.so.com/s?q=%E6%9A%B4%E9%A3%8E%E9%9B%AA&amp;ie=utf-8&amp;src=internal_wenda_recommend_textn\" target=\"_blank\">暴风雪</a>和<a href=\"http://www.so.com/s?q=%E8%93%9D%E8%83%A1%E5%AD%90&amp;ie=utf-8&amp;src=internal_wenda_recommend_textn\" target=\"_blank\">蓝胡子</a>的<a href=\"http://www.so.com/s?q=%E4%BC%A0%E5%A5%87%E6%95%85%E4%BA%8B&amp;ie=utf-8&amp;src=internal_wenda_recommend_textn\" target=\"_blank\">传奇故事</a>。在云南，&ldquo;冬天&rdquo;这个词和正在眼前的<a href=\"http://www.so.com/s?q=%E5%85%B7%E4%BD%93%E4%BA%8B%E7%89%A9&amp;ie=utf-8&amp;src=internal_wenda_recommend_textn\" target=\"_blank\">具体事物</a>无关，它甚至和<a href=\"http://www.so.com/s?q=%E6%A3%89%E8%A2%84&amp;ie=utf-8&amp;src=internal_wenda_recommend_textn\" target=\"_blank\">棉袄</a>、<a href=\"http://www.so.com/s?q=%E5%9B%B4%E5%B7%BE&amp;ie=utf-8&amp;src=internal_wenda_recommend_textn\" target=\"_blank\">围巾</a>这些北方的抢手货无关。<br />\n　　然而，<a href=\"http://www.so.com/s?q=%E6%A0%91%E5%8F%B6&amp;ie=utf-8&amp;src=internal_wenda_recommend_textn\" target=\"_blank\">树叶</a>同样会在云南死去。<br />\n　　树叶永远，每一个月份都在死去。在最喧嚣、最明亮、最生机勃勃的春天，你也会看到一两片叶子，几百片叶子，从某棵树上不祥地落下来，但你永远看不到它们全体死去，看不见它们作为集体，作为&ldquo;树叶&rdquo;这个词的死亡。常常是，它们在每一个季节都活着，在云南所有树木的树冠的附近，保持着绿色，像永远丧失了飞翔功能的<a href=\"http://www.so.com/s?q=%E9%B8%9F%E7%BE%A4&amp;ie=utf-8&amp;src=internal_wenda_recommend_textn\" target=\"_blank\">鸟群</a>。死，永远只是单个的，自觉自愿的选择。时间并不强迫树叶们在预定的时刻（冬天）一齐死去。每<a href=\"http://www.so.com/s?q=%E4%B8%80%E7%89%87%E5%8F%B6%E5%AD%90&amp;ie=utf-8&amp;src=internal_wenda_recommend_textn\" target=\"_blank\">一片叶子</a>的死亡，仅仅是这片叶子的死亡，它可以在任何<a href=\"http://www.so.com/s?q=%E5%B9%B4%E4%BB%A3&amp;ie=utf-8&amp;src=internal_wenda_recommend_textn\" target=\"_blank\">年代</a>、任何季节、任何钟点内，它并不指望自己的离去同时也是一整个季节的结束。因此，死亡本身是一次选择。连绵不断的死亡和连绵不断的生命在云南的每一个季节共存，死去的像存在的一样灿烂而令人印象深刻。这就是为什么在云南冬天的<a href=\"http://www.so.com/s?q=%E5%B1%B1%E4%B8%AD&amp;ie=utf-8&amp;src=internal_wenda_recommend_textn\" target=\"_blank\">山中</a>，忽然看到一簇色彩斑斓的红叶，人会感到触目惊心、热泪盈眶。<br />\n　　一片叶子的落下就是一次辉煌的事件。它忽然就离开了那绿色的属性，离开了它的&ldquo;本质&rdquo;，离开了树干上那无边无际的集体，选择了它自己内在的、从未裸露过的深红或者褐黑。它落下来，从本该为世界所仰视的<a href=\"http://www.so.com/s?q=%E5%9C%B0%E6%96%B9&amp;ie=utf-8&amp;src=internal_wenda_recommend_textn\" target=\"_blank\">地方</a>，落到会被某种践踏所抹去的地方。它并不在乎这种处境的变化，它只是在<a href=\"http://www.so.com/s?q=%E9%A3%8E%E6%9D%A5&amp;ie=utf-8&amp;src=internal_wenda_recommend_textn\" target=\"_blank\">风来</a>的时候，或者<a href=\"http://www.so.com/s?q=%E9%9B%A8%E4%B8%AD&amp;ie=utf-8&amp;src=internal_wenda_recommend_textn\" target=\"_blank\">雨中</a>，或者随着<a href=\"http://www.so.com/s?q=%E4%B8%80%E5%8F%AA%E9%B8%9F&amp;ie=utf-8&amp;src=internal_wenda_recommend_textn\" target=\"_blank\">一只鸟</a>的沉浮，一匹兽的动静，<a href=\"http://www.so.com/s?q=%E5%9C%A8%E7%A7%8B%E5%A4%A9&amp;ie=utf-8&amp;src=internal_wenda_recommend_textn\" target=\"_blank\">在秋天</a>或者<a href=\"http://www.so.com/s?q=%E5%A4%8F%E5%A4%A9&amp;ie=utf-8&amp;src=internal_wenda_recommend_textn\" target=\"_blank\">夏天</a>，在<a href=\"http://www.so.com/s?q=%E9%BB%8E%E6%98%8E&amp;ie=utf-8&amp;src=internal_wenda_recommend_textn\" target=\"_blank\">黎明</a>或者<a href=\"http://www.so.com/s?q=%E6%AD%A3%E5%8D%88&amp;ie=utf-8&amp;src=internal_wenda_recommend_textn\" target=\"_blank\">正午</a>，在它自己的时间内，这片树叶忽然就从那绿色的<a href=\"http://www.so.com/s?q=%E5%A4%A7%E9%99%86&amp;ie=utf-8&amp;src=internal_wenda_recommend_textn\" target=\"_blank\">大陆</a>上腾飞而起，像一只金蝶。但它并不是金蝶，它只是一片离开了树和绿色的叶子，它并没有向<a href=\"http://www.so.com/s?q=%E8%8A%B1%E6%9C%B5&amp;ie=utf-8&amp;src=internal_wenda_recommend_textn\" target=\"_blank\">花朵</a>炫耀自身，进而索取<a href=\"http://www.so.com/s?q=%E8%8A%B1%E7%B2%89&amp;ie=utf-8&amp;src=internal_wenda_recommend_textn\" target=\"_blank\">花粉</a>的愿望。<br />\n　　它只是要往下去。不论那里是水还是<a href=\"http://www.so.com/s?q=%E6%B3%A5%E5%9C%9F&amp;ie=utf-8&amp;src=internal_wenda_recommend_textn\" target=\"_blank\">泥土</a>，是石头还是空地。一片叶子自有它自己的落下。这不是一块石头或一只蜂鸟的落下，不是另一片叶子的落下：它从它的角度，经过风的厚处和薄处，越过空间的某几层，在<a href=\"http://www.so.com/s?q=%E9%98%B3%E5%85%89&amp;ie=utf-8&amp;src=internal_wenda_recommend_textn\" target=\"_blank\">阳光</a>的粉末中。它并不一直向下，而是漂浮着，它在没有水的地方创造了漂浮这种动作。进入高处，又沉到低处，在进入<a href=\"http://www.so.com/s?q=%E5%A4%A7%E5%9C%B0&amp;ie=utf-8&amp;src=internal_wenda_recommend_textn\" target=\"_blank\">大地</a>之前，它有一阵绵延，那不是来自某种心情、某种伤心或依恋，而是它对自身的把握。一片叶子的死亡令人感动，如果这感动引起了惆怅或怜惜，那么此人就不懂得云南的树叶。他是用北方的心境来感受云南了。实际上，死亡并不存在，生命并不存在。存在的<a href=\"http://www.so.com/s?q=%E5%8F%AA%E6%98%AF%E4%B8%80%E7%89%87%E5%8F%B6%E5%AD%90&amp;ie=utf-8&amp;src=internal_wenda_recommend_textn\" target=\"_blank\">只是一片叶子</a>，或者由&ldquo;叶子&rdquo;这个词所指示的那一事物，它脱离了树和<a href=\"http://www.so.com/s?q=%E5%A4%A9%E7%A9%BA&amp;ie=utf-8&amp;src=internal_wenda_recommend_textn\" target=\"_blank\">天空</a>的时间，进入了另一种时间。在那儿具有叶子这种外形的事物并不呈现为绿色，并不需要<a href=\"http://www.so.com/s?q=%E6%B0%B4%E5%88%86&amp;ie=utf-8&amp;src=internal_wenda_recommend_textn\" target=\"_blank\">水分</a>、阳光和鸟群。它是另一个时间中的另一种事物。<br />\n　　没有人知道这些树叶是何时掉下来的，<a href=\"http://www.so.com/s?q=%E4%B8%96%E7%95%8C%E4%B8%8A&amp;ie=utf-8&amp;src=internal_wenda_recommend_textn\" target=\"_blank\">世界上</a>有无数关于树和<a href=\"http://www.so.com/s?q=%E6%A3%AE%E6%9E%97&amp;ie=utf-8&amp;src=internal_wenda_recommend_textn\" target=\"_blank\">森林</a>的书，但没有一本描述过一片叶子的落下。在那些<a href=\"http://www.so.com/s?q=%E6%96%87%E5%AD%97&amp;ie=utf-8&amp;src=internal_wenda_recommend_textn\" target=\"_blank\">文字</a>里，一片叶子只是一个名词和些许<a href=\"http://www.so.com/s?q=%E5%BD%A2%E5%AE%B9%E8%AF%8D&amp;ie=utf-8&amp;src=internal_wenda_recommend_textn\" target=\"_blank\">形容词</a>的集合体，没有动词，每个人都看见过这些树叶，一片叶子的落下包含多少美丽的细节啊！然而永远不会有人听见<a href=\"http://www.so.com/s?q=%E4%B8%80%E7%89%87%E6%A0%91%E5%8F%B6&amp;ie=utf-8&amp;src=internal_wenda_recommend_textn\" target=\"_blank\">一片树叶</a>撞到风的时候的那一次响声，就像在<a href=\"http://www.so.com/s?q=%E6%B7%B1%E5%A4%9C&amp;ie=utf-8&amp;src=internal_wenda_recommend_textn\" target=\"_blank\">深夜</a>的大街上发生的车祸，没有目击者，永远没有。一切细节都被抹去，只被概括为两个字&ldquo;落叶&rdquo;。这些被叫做&ldquo;落叶&rdquo;的东西，看上去比栖居在树上的年代更为美丽悦目，没有生命支撑的花纹，凝固在干掉的<a href=\"http://www.so.com/s?q=%E5%BA%95%E5%9F%BA&amp;ie=utf-8&amp;src=internal_wenda_recommend_textn\" target=\"_blank\">底基</a>上，<a href=\"http://www.so.com/s?q=%E6%9C%89%E9%B1%BC&amp;ie=utf-8&amp;src=internal_wenda_recommend_textn\" target=\"_blank\">有鱼</a>的美，又有绘画的美；由于这些美来自不同时间内的单个的死亡，因而色彩驳杂、深浅不一，缺乏某种统一的调子，它们的丰富使&ldquo;落叶&rdquo;这个词显得无比空洞。&ldquo;落叶&rdquo;是什么？没有落叶，只有这一片深红的或那一片褐黑的，一个诗人永远想不出用什么<a href=\"http://www.so.com/s?q=%E6%84%8F%E8%B1%A1&amp;ie=utf-8&amp;src=internal_wenda_recommend_textn\" target=\"_blank\">意象</a>来区别、表现它们，这<a href=\"http://www.so.com/s?q=%E6%99%AF%E8%B1%A1&amp;ie=utf-8&amp;src=internal_wenda_recommend_textn\" target=\"_blank\">景象</a>在文学史上像&ldquo;落叶&rdquo;这个词一样空白。<br />\n　　冬天，当整个世界都被北方那巨大的整体的死亡所笼罩，当<a href=\"http://www.so.com/s?q=%E4%BA%BA%E4%BB%AC&amp;ie=utf-8&amp;src=internal_wenda_recommend_textn\" target=\"_blank\">人们</a>沉浸在对乌鸦、雪和<a href=\"http://www.so.com/s?q=%E8%A5%BF%E9%A3%8E&amp;ie=utf-8&amp;src=internal_wenda_recommend_textn\" target=\"_blank\">西风</a>的体验或回忆中，在云南，有几片叶子在<a href=\"http://www.so.com/s?q=12%E6%9C%8831%E6%97%A5&amp;ie=utf-8&amp;src=internal_wenda_recommend_textn\" target=\"_blank\">12月31日</a><a href=\"http://www.so.com/s?q=%E4%B8%8B%E5%8D%884%E7%82%B9&amp;ie=utf-8&amp;src=internal_wenda_recommend_textn\" target=\"_blank\">下午4点</a>10分51秒落下。它们所往不同，一片在<a href=\"http://www.so.com/s?q=%E5%B1%B1%E5%86%88&amp;ie=utf-8&amp;src=internal_wenda_recommend_textn\" target=\"_blank\">山冈</a>的斜坡上，一片在豹子洞穴的边缘，有两片在树的根部，还有几片，踩着风梢过了红色沼泽。<br />\n　　在云南冬天的树林中，心情是一种<a href=\"http://www.so.com/s?q=%E5%BD%92%E5%AE%B6&amp;ie=utf-8&amp;src=internal_wenda_recommend_textn\" target=\"_blank\">归家</a>的心情。生命和死亡，一个在树上，一个在<a href=\"http://www.so.com/s?q=%E6%A0%91%E4%B8%8B&amp;ie=utf-8&amp;src=internal_wenda_recommend_textn\" target=\"_blank\">树下</a>，各有自己的位置。在树上的并不暗示某种攀登、仰视的冲动；在树下的并没有被抛弃的寂寞。在这美丽、伸手可触的<a href=\"http://www.so.com/s?q=%E6%9E%97%E5%AD%90%E4%B8%AD&amp;ie=utf-8&amp;src=internal_wenda_recommend_textn\" target=\"_blank\">林子中</a>，<a href=\"http://www.so.com/s?q=%E5%94%AF%E4%B8%80%E7%9A%84%E6%84%BF%E6%9C%9B&amp;ie=utf-8&amp;src=internal_wenda_recommend_textn\" target=\"_blank\">唯一的愿望</a>就是躺下。躺下了，在好<a href=\"http://www.so.com/s?q=%E6%97%A5%E5%AD%90&amp;ie=utf-8&amp;src=internal_wenda_recommend_textn\" target=\"_blank\">日子</a>，进入<a href=\"http://www.so.com/s?q=%E6%9E%97%E5%AD%90%E6%B7%B1%E5%A4%84&amp;ie=utf-8&amp;src=internal_wenda_recommend_textn\" target=\"_blank\">林子深处</a>，在松树叶或者老<a href=\"http://www.so.com/s?q=%E6%A1%89%E6%A0%91%E5%8F%B6&amp;ie=utf-8&amp;src=internal_wenda_recommend_textn\" target=\"_blank\">桉树叶</a>的大床上躺下，内心充满的不是孤独、反抗或期待（期待另一个季节），不是忍受，而是宁静、自在、沉思或倾听。<br />\n　　躺在那儿，仰望散漫在树干和叶子之间的光束和雾片；仰望在树叶间露出的斑斑蓝宝石天空，像处于一簇<a href=\"http://www.so.com/s?q=%E6%B0%B4%E8%8D%89&amp;ie=utf-8&amp;src=internal_wenda_recommend_textn\" target=\"_blank\">水草</a>底下的虾，周围、上下全是树叶，生的和死的同样丰满、同样拥挤、同样辉煌。松开四肢、松开肺、松开心脏和血管，松开耳孔、鼻孔、<a href=\"http://www.so.com/s?q=%E6%AF%9B%E5%AD%94&amp;ie=utf-8&amp;src=internal_wenda_recommend_textn\" target=\"_blank\">毛孔</a>，让<a href=\"http://www.so.com/s?q=%E6%A0%91%E7%9A%AE&amp;ie=utf-8&amp;src=internal_wenda_recommend_textn\" target=\"_blank\">树皮</a>的气味，汁液和草浆的气味，马鹿<a href=\"http://www.so.com/s?q=%E5%92%8C%E7%86%8A&amp;ie=utf-8&amp;src=internal_wenda_recommend_textn\" target=\"_blank\">和熊</a>的气味，松鼠和蛇的气味灌进去，在没有声音的地方，倾听无以命名的声音。有什么在落叶上&ldquo;沙沙沙&rdquo;地走，没有脚踵地走，那&ldquo;沙沙沙&rdquo;也不是声音，不能模仿，不能复述，只能倾听。你最后连倾听也放弃了，你进入到那声音中，和那声音在一个内部，你像你<a href=\"http://www.so.com/s?q=%E8%BA%AB%E5%AD%90&amp;ie=utf-8&amp;src=internal_wenda_recommend_textn\" target=\"_blank\">身子</a>下面那<a href=\"http://www.so.com/s?q=%E9%BB%91%E6%9A%97%E4%B8%AD&amp;ie=utf-8&amp;src=internal_wenda_recommend_textn\" target=\"_blank\">黑暗中</a>的土层一样，和根，和根周围的土、水、<a href=\"http://www.so.com/s?q=%E6%98%86%E8%99%AB&amp;ie=utf-8&amp;src=internal_wenda_recommend_textn\" target=\"_blank\">昆虫</a><a href=\"http://www.so.com/s?q=%E5%9C%A8%E4%B8%80%E8%B5%B7&amp;ie=utf-8&amp;src=internal_wenda_recommend_textn\" target=\"_blank\">在一起</a>。你们并没意识到&ldquo;在&rdquo;，只是在着，在那儿，冬天，山中的某处。<br />\n　　躺在那儿，望着蚕豆那么大的黑蜘蛛在你眼前一寸许的地方做网，比较着它的那些腿哪一条更长些。奇怪的虫，它怎么能支配那么多腿？它似乎永远想把<a href=\"http://www.so.com/s?q=%E8%BF%99%E4%B8%AA%E4%B8%96%E7%95%8C&amp;ie=utf-8&amp;src=internal_wenda_recommend_textn\" target=\"_blank\">这个世界</a>网罗起来，它们把一切都当成鱼了。<br />\n　　在没有任何依托的地方，沿着一根丝，爬过来，再爬回去；这绝对是一个攀援绝壁的勇士的<a href=\"http://www.so.com/s?q=%E9%AB%98%E9%9A%BE%E5%8A%A8%E4%BD%9C&amp;ie=utf-8&amp;src=internal_wenda_recommend_textn\" target=\"_blank\">高难动作</a>。那丝的一头来自一丛牛蒡花的刺毛上，另一头则搭在一棵榉树的树皮缝中，<a href=\"http://www.so.com/s?q=%E6%88%91%E7%9A%84%E7%9C%BC%E7%9D%9B&amp;ie=utf-8&amp;src=internal_wenda_recommend_textn\" target=\"_blank\">我的眼睛</a>看不见它是如何把那根丝在树上打结的。世界上有些地方，看是无能为力的，想象也不能抵达。它们居然在无人能计算的时间内做出了一顶降落伞那样的东西，它像伞兵一样居于正中，并不落下，自足自在的昆虫，守着它那一份很小的<a href=\"http://www.so.com/s?q=%E5%A4%A9%E5%A0%82&amp;ie=utf-8&amp;src=internal_wenda_recommend_textn\" target=\"_blank\">天堂</a>，一动不动。<br />\n　　躺在那儿。看一只并不知道<a href=\"http://www.so.com/s?q=%E6%9C%89%E4%B8%80%E5%8F%8C%E7%9C%BC%E7%9D%9B&amp;ie=utf-8&amp;src=internal_wenda_recommend_textn\" target=\"_blank\">有一双眼睛</a>正在偷看它的鸟，这只鸟你从未见过，你或许在<a href=\"http://www.so.com/s?q=%E4%B9%A6%E4%B8%8A&amp;ie=utf-8&amp;src=internal_wenda_recommend_textn\" target=\"_blank\">书上</a>读过这些鸟的名字，但你不知道它的名字是那些中的哪一个。这并不妨碍你看这只鸟，从未有一只鸟在你生命那么近的地方待过。它就在你头上。一棵老橡树垂下来的枝上。伸手你就能捕捉到它，但你不会伸手。你被一个生命的自在所震慑。那是最无作为的自在。这是一只<a href=\"http://www.so.com/s?q=%E5%B0%8F%E5%A7%91%E5%A8%98&amp;ie=utf-8&amp;src=internal_wenda_recommend_textn\" target=\"_blank\">小姑娘</a>似的鸟。它梳头，打开翅膀，跳跳，把头靠在羽毛上休息，它还听了听，一只小鸟听到<a href=\"http://www.so.com/s?q=%E7%9A%84%E4%B8%96%E7%95%8C&amp;ie=utf-8&amp;src=internal_wenda_recommend_textn\" target=\"_blank\">的世界</a>是怎样的世界？这个念头令人不快，但很快就过去了。看一只鸟怎样生活，毕竟胜过看一出<a href=\"http://www.so.com/s?q=%E8%88%9E%E5%89%A7&amp;ie=utf-8&amp;src=internal_wenda_recommend_textn\" target=\"_blank\">舞剧</a>或者<a href=\"http://www.so.com/s?q=%E8%AF%9D%E5%89%A7&amp;ie=utf-8&amp;src=internal_wenda_recommend_textn\" target=\"_blank\">话剧</a>。这儿不需要鼓掌，不需要评论，没有判断的压力，不是对智力的考验。它要的，只是看。看它怎样一蹬<a href=\"http://www.so.com/s?q=%E6%A0%91%E6%9E%9D&amp;ie=utf-8&amp;src=internal_wenda_recommend_textn\" target=\"_blank\">树枝</a>，腾飞而去；看它最终能飞多高；看它怎样再次从树叶中钻下来;看它再次回到那儿。这个活蹦乱跳的<a href=\"http://www.so.com/s?q=%E5%B0%8F%E7%94%9F%E5%91%BD&amp;ie=utf-8&amp;src=internal_wenda_recommend_textn\" target=\"_blank\">小生命</a>，和那个被称为&ldquo;鸟&rdquo;的东西毫不相干。<br />\n　　躺在那儿，看看蚂蚁的生活场景，它的城市、街道、广场、工地和车站。看看这个共和国的社会秩序和社会风俗。如此广阔的世界，这些黑色公民只安居于它们那一只碗那么大的地盘，并且生活得如此紧张、如此勤奋，我永远看不见一只睡到12点才起床的蚂蚁。我看见它们运送粮食，那是一项怎样伟大的工程！如果作为一个巨人在<a href=\"http://www.so.com/s?q=%E5%9F%83%E5%8F%8A&amp;ie=utf-8&amp;src=internal_wenda_recommend_textn\" target=\"_blank\">埃及</a>的天空上看埃及人建金字塔，那<a href=\"http://www.so.com/s?q=%E6%83%85%E6%99%AF&amp;ie=utf-8&amp;src=internal_wenda_recommend_textn\" target=\"_blank\">情景</a>也不过如此。没有什么其他的团结能比一群蚂蚁的团结更具有&ldquo;团结&rdquo;这个词所包含的全部<a href=\"http://www.so.com/s?q=%E6%84%8F%E4%B9%89&amp;ie=utf-8&amp;src=internal_wenda_recommend_textn\" target=\"_blank\">意义</a>。这些有着严密的组织和秩序的小<a href=\"http://www.so.com/s?q=%E7%94%9F%E7%81%B5&amp;ie=utf-8&amp;src=internal_wenda_recommend_textn\" target=\"_blank\">生灵</a>，<a href=\"http://www.so.com/s?q=%E5%9C%A8%E6%A0%91%E6%9E%97%E9%87%8C&amp;ie=utf-8&amp;src=internal_wenda_recommend_textn\" target=\"_blank\">在树林里</a>到处可见，你不知道它们在忙些什么，那些小脑袋里都是些什么念头，你有时觉得自己的脑袋太大了，有那么多乱七八糟的顾虑、负担、杂感；但是一旦目睹了蚂蚁社会那些神圣的仪式，人会丧失思想的愿望。仿佛成了蚂蚁<a href=\"http://www.so.com/s?q=%E7%BE%A4%E4%B8%AD&amp;ie=utf-8&amp;src=internal_wenda_recommend_textn\" target=\"_blank\">群中</a>的一个，你开始爬行，虽然不动，但一种爬的快感占有着你的<a href=\"http://www.so.com/s?q=%E7%9A%AE%E8%82%A4&amp;ie=utf-8&amp;src=internal_wenda_recommend_textn\" target=\"_blank\">皮肤</a>和神经，<a href=\"http://www.so.com/s?q=%E7%9D%81%E7%9C%BC&amp;ie=utf-8&amp;src=internal_wenda_recommend_textn\" target=\"_blank\">睁眼</a>看看，发现你已被成千上万的蚂蚁作为拓展了的<a href=\"http://www.so.com/s?q=%E8%A5%BF%E9%83%A8&amp;ie=utf-8&amp;src=internal_wenda_recommend_textn\" target=\"_blank\">西部</a>疆域，占领了。<br />\n　　躺在那儿，看光。看光怎样渐次向事物的西部移去，直到它们全被磨秃，最后只剩下一些蓝色的<a href=\"http://www.so.com/s?q=%E7%BB%92%E6%AF%9B&amp;ie=utf-8&amp;src=internal_wenda_recommend_textn\" target=\"_blank\">绒毛</a>，布满树干和天空。<a href=\"http://www.so.com/s?q=%E6%98%9F%E5%AD%90&amp;ie=utf-8&amp;src=internal_wenda_recommend_textn\" target=\"_blank\">星子</a>在云南树林之上的<a href=\"http://www.so.com/s?q=%E5%86%AC%E5%A4%A9%E9%87%8C&amp;ie=utf-8&amp;src=internal_wenda_recommend_textn\" target=\"_blank\">冬天里</a>，地开始潮湿，不能躺了，站起来，<a href=\"http://www.so.com/s?q=%E9%A1%BA%E6%98%8E&amp;ie=utf-8&amp;src=internal_wenda_recommend_textn\" target=\"_blank\">顺明</a>月底下的山林漫步，到处是<a href=\"http://www.so.com/s?q=%E7%AB%A5%E8%AF%9D&amp;ie=utf-8&amp;src=internal_wenda_recommend_textn\" target=\"_blank\">童话</a>般的小光。这包括<a href=\"http://www.so.com/s?q=%E8%90%A4%E7%81%AB%E8%99%AB&amp;ie=utf-8&amp;src=internal_wenda_recommend_textn\" target=\"_blank\">萤火虫</a>和不同物体对<a href=\"http://www.so.com/s?q=%E6%9C%88%E5%85%89&amp;ie=utf-8&amp;src=internal_wenda_recommend_textn\" target=\"_blank\">月光</a>的回应，一切事物的形都丧失了，只有光在不同的亮处、明处、晦处、暗处，不同的方位，把原来已被命名的事物打散，组合成一些圆的、方的，看上去像是一些<a href=\"http://www.so.com/s?q=%E6%96%B0%E4%BA%8B%E7%89%A9&amp;ie=utf-8&amp;src=internal_wenda_recommend_textn\" target=\"_blank\">新事物</a>的轮廓。<br />\n　　心中充满命名的兴奋和喜悦，把一群最坚硬的岩石叫做<a href=\"http://www.so.com/s?q=%E7%BE%8A%E7%BE%A4&amp;ie=utf-8&amp;src=internal_wenda_recommend_textn\" target=\"_blank\">羊群</a>，把一棵孤立的马尾松叫做<a href=\"http://www.so.com/s?q=%E5%A0%82%E5%90%89%E8%AF%83%E5%BE%B7&amp;ie=utf-8&amp;src=internal_wenda_recommend_textn\" target=\"_blank\">堂吉诃德</a>先生，这不足为怪，这不是浪漫者的<a href=\"http://www.so.com/s?q=%E5%B0%8F%E5%90%8D%E5%A0%82&amp;ie=utf-8&amp;src=internal_wenda_recommend_textn\" target=\"_blank\">小名堂</a>、小幻觉，因为是被光的变化欺骗了，这是令人愉快的错觉。有时候，光会沿着一棵长满苔毛的<a href=\"http://www.so.com/s?q=%E8%80%81%E6%A0%91&amp;ie=utf-8&amp;src=internal_wenda_recommend_textn\" target=\"_blank\">老树</a>的脊背溜下，像一只金色绒毛的松鼠。而真正的松鼠却看不见，它们隐身于大群的黑暗中，混迹于一堆看上去像老虎的东西中。看已置于错觉的位置，听却仍然保持着对事物的区别。那是<a href=\"http://www.so.com/s?q=%E4%B8%80%E5%8F%AA%E6%9D%BE%E9%BC%A0&amp;ie=utf-8&amp;src=internal_wenda_recommend_textn\" target=\"_blank\">一只松鼠</a>在咀嚼，那是一只<a href=\"http://www.so.com/s?q=%E7%8C%AB%E5%A4%B4%E9%B9%B0&amp;ie=utf-8&amp;src=internal_wenda_recommend_textn\" target=\"_blank\">猫头鹰</a>在啼叫，那是一只山鸡的<a href=\"http://www.so.com/s?q=%E5%97%93%E5%AD%90&amp;ie=utf-8&amp;src=internal_wenda_recommend_textn\" target=\"_blank\">嗓子</a>，那是一头麂子的步子。但在最黑暗的林子里，听也会茫然不知所措。那个东西窜过树林，它的边缘和<a href=\"http://www.so.com/s?q=%E5%A4%A7%E5%9C%B0%E4%B8%8A&amp;ie=utf-8&amp;src=internal_wenda_recommend_textn\" target=\"_blank\">大地上</a>的其他事物摩擦、碰撞的声音是令人惊惧的，那种速度，那种力量，那种敏捷，那种无拘无束、无法无天，那生命比你更强大、更自在、更无所顾忌，你的<a href=\"http://www.so.com/s?q=%E5%90%AC%E8%A7%89&amp;ie=utf-8&amp;src=internal_wenda_recommend_textn\" target=\"_blank\">听觉</a>全被恐惧和自卑所占据。<a href=\"http://www.so.com/s?q=%E4%BA%BA%E7%9A%84%E6%9C%AC%E8%83%BD&amp;ie=utf-8&amp;src=internal_wenda_recommend_textn\" target=\"_blank\">人的本能</a>使你放过了某种真正的声音，你听错了，你听见的是你自己的顾虑重重、疑神疑鬼和一颗疲弱不堪的心在跳动。<a href=\"http://www.so.com/s?q=%E4%BD%A0%E7%8E%B0%E5%9C%A8&amp;ie=utf-8&amp;src=internal_wenda_recommend_textn\" target=\"_blank\">你现在</a>露出了真相，这个被你描述、赞美了一天的树林，现在像一个陷阱，到处是隐伏着危险的洞穴。<br />\n　　那时候才21点，你的离去使树林的真相永远被隐没。回头望望，那一片耸起在星夜中的黑暗的东西，是你无以言说的东西。<br />\n　　但它在着，不需要言说。它在那儿，云南12月份的<a href=\"http://www.so.com/s?q=%E5%A4%A9%E7%A9%BA%E4%B8%8B&amp;ie=utf-8&amp;src=internal_wenda_recommend_textn\" target=\"_blank\">天空下</a>。那时，世界的思想里充满了寒冷和雪。而它在那儿，在世界的念头之外，在明朗的高处，结实、茂盛，充满汁液。在那儿，阴暗的低处，干燥、单薄、灿烂而易碎。在那儿，云南的冬天，那山冈上的树林上。</p>\n','00005.jpg','Day1：小树林，Day2：小树林，Day3：小树林，Day4：小树林，',NULL),(30,'青岛沿海','<p style=\"text-align:center\"><img src=\"http://image.mafangwo.com/sfhxdfgl3/RichImage/20190313113816652.jpg\" title=\"海底世界.jpg\" /></p>\n\n<p style=\"text-align:center\"><img src=\"http://image.mafangwo.com/sfhxdfgl3/RichImage/20190313113816605.jpg\" title=\"栈桥.jpg\" /></p>\n\n<p>　　&nbsp;<span style=\"font-size:16px\"><span style=\"color:#444444\"><span style=\"background-color:#ffffff\"><span style=\"font-family:宋体\">地区昔称胶澳。1891年（清光绪十七年）清政府议决在胶澳设防，青岛由此建置。翌年，调登州镇总兵章高元率部移驻胶澳。1897年11月，德国以&ldquo;巨野教案&rdquo;为借口强占胶澳，并强迫清政府于1898年3月6日签订《胶澳租界条约》。从此，胶澳沦为殖民地，山东也划入了德国的势力范围。第一次世界大战爆发后，1914年11月，日本取代德国侵占胶澳，进行军事殖民统治。</span></span></span></span></p>\n\n<p style=\"text-align:left\">　　​​​​​​​&nbsp;<span style=\"font-size:16px\"><span style=\"color:#444444\"><span style=\"background-color:#ffffff\"><span style=\"font-family:宋体\">第一次世界大战结束后，中国人民为收回青岛进行了英勇斗争。1919年，由于青岛主权问题，引发了著名的&ldquo;五四&rdquo;运动，迫使日本于1922年2月4日同中国政府签订了《解决山东悬案条约》。同年12月10日，中国收回胶澳，开为商埠，设立胶澳商埠督办公署，直属北洋政府。其行政区域与德胶澳租界地相同。1929年4月，南京国民政府接管胶澳商埠，同年7月设青岛特别市。1930年改称青岛市。</span></span></span></span></p>\n\n<p style=\"text-align:left\">　　​​​​​​​&nbsp;<span style=\"background-color:#ffffff\"><span style=\"color:#444444; font-family:宋体; font-size:16px\">1938年1月，日本再次侵占青岛。1945年9月，国民党政府在美国支持下接收青岛，仍为特别市。1949年6月2日，青岛解放。青岛解放后，改属山东省省辖市。1981年，被列为全国15个经济中心城市之一；1984年4月，被列为全国14个进一步对外开放的沿海港口</span><span style=\"color:#444444\"><span style=\"font-size:16px\">&nbsp;</span></span><span style=\"color:#444444; font-family:宋体; font-size:16px\">城市之一；1986年10月15日，被国务院正式批准在国家计划中实行单列，赋予省一级经济管理权限；1994年2月，被列为全国15个副省级城市之一。</span></span></p>\n\n<p style=\"text-align:left\">　　​​​​​​​&nbsp;<span style=\"font-size:16px\"><span style=\"color:#444444\"><span style=\"background-color:#ffffff\"><span style=\"font-family:宋体\">我国的胶东半岛，红瓦绿树碧海蓝天中镶嵌着一个的美丽城市--青岛。它濒临黄海，环抱胶州湾，它北与烟台市为邻，西靠潍坊市，西南接日照市。是中国著名的海滨旅游胜地。</span></span></span></span></p>\n\n<p style=\"text-align:left\">　　​​​​​​​&nbsp;​​​​​​​<span style=\"font-size:16px\"><span style=\"color:#444444\"><span style=\"background-color:#ffffff\"><span style=\"font-family:宋体\">青岛市的地势为北部海拔较高，由北向中部和西部逐渐降低，东南沿海地区和胶州湾沿岸地区地势较低，青岛北部及东南部主要是山地和丘陵，崂山地就在此，该山脉越胶州湾伸向胶州、胶南境内，崂山是道教名山，崂顶为全山最高处，海拔1133米，也是青岛市最高的山峰，在全省居第二高度，仅次于泰山顶峰（1524米），是我国沿海诸山中最高的山峰。</span></span></span></span></p>\n\n<p>　　​​​​​​​&nbsp;​​​​​​&nbsp;<span style=\"font-size:16px\"><span style=\"color:#444444\"><span style=\"background-color:#ffffff\"><span style=\"font-family:宋体\">青岛依山傍海，风光秀丽，气候宜人，是一座独具特色的海滨城市。星罗棋布的山岗低丘散布于青岛市区，楼宇依地形而建，红瓦屋顶错落有致，连同蜿蜒起伏的街道和葱绿的树木，构成青岛市区独特的地理景观。</span></span></span></span></p>\n\n<p>　　​​​​​​​​​​​​​​&nbsp;<span style=\"font-size:16px\"><span style=\"color:#444444\"><span style=\"background-color:#ffffff\"><span style=\"font-family:宋体\">青岛近代历经沧桑，有着丰富的文化旅游景观，根据景点的分布和文化内涵，可分为各具特色的四大区域，即：西部旧城区（西方近代城市风貌）、东部新区（现代化国际城市风貌）、市区腹地（胶东民俗文化风貌）、郊区（历代文物古迹风貌）。到青岛来游览，即可享受宜人的气候和优美的风光。又可在观赏中外文化碰撞交融的结晶中产生深层次的思索和启迪，因而具有很高的旅游价值。</span></span></span></span></p>\n\n<p>　　​​​​​​​&nbsp;<span style=\"font-size:16px\"><span style=\"color:#444444\"><span style=\"background-color:#ffffff\"><span style=\"font-family:宋体\">概括来说：青岛岬湾相间，沙软滩平，海岸曲折，城伴海生，海增城色。崂山</span>&nbsp;<span style=\"font-family:宋体\">，山险峰秀，空旷幽远，鬼斧神工。八大处欧式建筑，造型别致，红顶石墙，精巧玲珑，各具风韵；宗教建筑别具韵味，市区的天主教堂</span>&nbsp;<span style=\"font-family:宋体\">、崂山</span>&nbsp;<span style=\"font-family:宋体\">的道观庙院、珠山佛寺尼庵，其建筑造型迥异，气氛庄严肃穆、空灵圣洁；名人故居多而密集国内罕见。民俗景点分布广、传统悠久、种类繁多、民族文化底蕴深厚。历史文物古迹遍布辖区各市、区，使青岛更加古朴凝重、清幽典雅。东西文化再此交融、相得益彰。</span></span></span></span></p>\n\n<p>　　​​​​​​​&nbsp;<span style=\"font-size:16px\"><span style=\"color:#444444\"><span style=\"background-color:#ffffff\"><span style=\"font-family:宋体\">青岛海岸线总长730.6公里，北起即墨市的金口，经崂山</span>&nbsp;<span style=\"font-family:宋体\">区、市南区、市北区、四方区、李沧区、城阳区、胶州市、黄岛区，南至胶南市宋家岭。海岸多为曲折的岩岸，海岬与海湾交替排列，共有49处海湾。胶州湾是青岛市最大也为山东半岛最大的海湾，南北长32.5公里，东西宽28公里，面积达436平方公里，胶州湾内有轮船驻泊的良好条件。青岛沿海有众多沙滩，不少已被开辟为海水浴场，海边还有不少滩涂，有些已开发为盐田或海产养殖场。青岛沿海岛屿有52个，面积都不大，距陆地较近。多数岛屿进行了开发利用，是开展海洋旅游的一方新天地</span>&nbsp;<span style=\"font-family:宋体\">。</span></span></span></span></p>\n\n<p>　　​​​​​​​&nbsp;​​​​​​​<span style=\"font-size:16px\"><span style=\"color:#444444\"><span style=\"background-color:#ffffff\"><span style=\"font-family:宋体\">青岛气候有着鲜明的特点，那就是：四季分明，夏短冬长；夏无酷暑，冬少严寒；降水适中，热量充足；春夏多雾，冬春风大。青岛夏季较内地短，一年平均只有80天，夏季平均气温为23摄氏度，最热的8月平均气温为25.1摄氏度，由于受海洋影响，比较凉爽，是人们避暑，疗养和游泳的最好季节。</span></span></span></span>​​​​​​​</p>\n','00006.jpg','Day1:栈桥风景区--圣弥厄尔教堂-青岛海底世界，Day2：幸福门-韩服城-威海海洋牧场，Day3：文城酒堡（西红柿首富拍摄地），Day4：八仙渡海口-蓬莱阁    ',NULL),(31,'广西红树林','<p style=\"text-align:center\"><img alt=\"\" src=\"http://localhost:8080/uploadImage/cdcdb2b9628448f48bd4904cdb619dcd_00007.jpg\" style=\"height:225px; width:400px\" /></p>\n\n<p>　　​​​​​​<a href=\"https://baike.so.com/doc/651776-689898.html\" target=\"_blank\">红树林</a>是热带、亚热带海岸<a href=\"https://baike.so.com/doc/5791812-6004604.html\" target=\"_blank\">潮间带</a>特有的胎生木本植物群落，素有&quot;<a href=\"https://baike.so.com/doc/985728-1041983.html\" target=\"_blank\">海上森林</a>&quot;之称，幽秘神奇、倚海而生，随潮涨而隐、潮退而现，是国家级重点保护的珍稀植物。北海山口镇的国家级<a href=\"https://baike.so.com/doc/6001552-6214528.html\" target=\"_blank\">红树林自然保护区</a>位于广西北海市<a href=\"https://baike.so.com/doc/6522896-6736628.html\" target=\"_blank\">合浦县</a>境内，海岸线长50公里，面积8000公顷，光热充足，港湾深入内陆，封闭好，海水污染程度低，理化性质稳定，滩涂淤泥肥沃，适宜于红树林生长，保护红树林面积为7.2平方公里，共有<a href=\"https://baike.so.com/doc/5698169-26111605.html\" target=\"_blank\">红海榄</a>树、<a href=\"https://baike.so.com/doc/5948974-6161914.html\" target=\"_blank\">秋茄</a>、<a href=\"https://baike.so.com/doc/5429995-5668250.html\" target=\"_blank\">桐花树</a>等12种<a href=\"https://baike.so.com/doc/7538653-7812746.html\" target=\"_blank\">红树林植物</a>，是广西乃至全国大陆海岸发育良好，连片大，结构较典型，保护较完整的红树林区。</p>\n','00007.jpg','Day1：红树林',NULL),(32,'清徐荷花塘','<p style=\"text-align:center\"><img alt=\"\" src=\"http://localhost:8080/uploadImage/2bcda46e3b50433a9972e19f78c11c3f_00008.jpg\" style=\"height:225px; width:400px\" /></p>\n\n<p style=\"text-align:center\">&nbsp;</p>\n\n<p><strong>清源文庙</strong></p>\n\n<p style=\"text-align:center\"><a href=\"https://p1.ssl.qhmsg.com/t017621704938b47cb6.jpg\"><img alt=\"狐突庙\" id=\"img_8375008\" src=\"https://p1.ssl.qhmsg.com/dr/220__/t017621704938b47cb6.jpg\" title=\"狐突庙\" /></a></p>\n\n<p>　　清源文庙是全国重点文物保护单位<a href=\"https://p1.ssl.qhmsg.com/t017621704938b47cb6.jpg\">狐突庙</a>，始建于金泰和三年(1203年)，元、明、清均有修葺。占地面积7000平方米。文庙大成殿是珍贵的早期建筑遗构，在金代建筑遗存中具有一定的代表性。</p>\n\n<p><strong>狐突庙</strong></p>\n\n<p>　　狐突庙为全国重点文物保护单位，为纪念春秋时晋国大夫狐突而建。庙始建于金明昌元年(1190年)，元至元二十六年(1298年)重修，明嘉靖十四年(1535年)增补扩建。庙址坐北朝南，由两进院落组成。现存献殿、正殿与碑廊等建筑，占地面积1875平方米。</p>\n\n<p><strong>罗贯中纪念馆</strong></p>\n\n<p style=\"text-align:center\"><a href=\"https://p1.ssl.qhmsg.com/t01951304cca9f5c5df.jpg\"><img alt=\"宝梵寺\" id=\"img_8375009\" src=\"https://p1.ssl.qhmsg.com/dr/220__/t01951304cca9f5c5df.jpg\" title=\"宝梵寺\" /></a></p>\n\n<p>　　<a href=\"https://baike.so.com/doc/7555963-7830056.html\" target=\"_blank\">罗贯中纪念馆</a>是由清徐罗氏第二十一代传人罗二栋先生融<a href=\"https://p1.ssl.qhmsg.com/t01951304cca9f5c5df.jpg\">宝梵寺</a>资，于2000年建成的。纪念馆坐落在中隐山麓，清泉湖畔，与清徐三国城在一条中轴线上。占地四千五百平方米，青砖碧瓦，雕梁画栋，为仿明清时代的园林式建筑风格。主要建筑有山门、罗贯中<a href=\"https://baike.so.com/doc/3265768-3440741.html\" target=\"_blank\">石雕</a>站像、主殿、厢房、曲廊、方亭、碧池、花园、玉带桥、九龙壁、麒麟吐玉书影壁等。</p>\n\n<p><strong>宝梵寺</strong></p>\n\n<p>　　宝梵寺位于清徐县城西南10公里的东于村北隅。是太原地区现存最完整的一座清代建筑。宝梵寺宋代名&quot;宝林禅院&quot;，辽、金时期称&quot;<a href=\"https://baike.so.com/doc/5096597-5324892.html\" target=\"_blank\">宝安寺</a>&quot;，明、清两代为&quot;宝梵寺&quot;。据寺院现存&quot;宝林禅院新公塔铭&quot;记载，宝梵寺在宋宣和元年以前就已经香火鼎盛了。之后，明成化十一年重修，清光绪十八年重建。寺内有<a href=\"https://baike.so.com/doc/2042743-2161454.html\" target=\"_blank\">壁画</a>、塑像、<a href=\"https://baike.so.com/doc/5779785-5992567.html\" target=\"_blank\">砖雕</a>。现存宝梵寺占地1000余平方米，<a href=\"https://baike.so.com/doc/814747-861730.html\" target=\"_blank\">坐北朝南</a>，青砖砌墙，布瓦盖顶。</p>\n\n<p><strong>清泉寺</strong></p>\n\n<p>　　清泉寺位于清徐县城西北七华里的中隐山小峪沟，俗称&quot;小峪寺&quot;。因寺前清泉汩汩，昼夜长流，故又名&quot;清泉寺&quot;，是山西省第一批重点文物保护单位。清泉寺始建于元至正二十四年，后经明清多次修葺。</p>\n\n<p><strong>马鸣山</strong></p>\n\n<p>　　<a href=\"https://baike.so.com/doc/2039316-2157761.html\" target=\"_blank\">马鸣山</a>森林公园(俗马鬣寺)地处白石沟中游<a href=\"https://baike.so.com/doc/5592255-5804855.html\" target=\"_blank\">马峪乡</a>碾底村东北面，系中隐山支脉，距榆古干线公路2.4公里，距太祁高速公路4公里，距县城12公里，距<a href=\"https://baike.so.com/doc/4963867-5186038.html\" target=\"_blank\">葡峰山庄</a>、贯中祖茔6公里。马鬣寺始建于唐朝，位于素称清源古景之一的白石云松--马鸣山上，唐代建筑&quot;文殊石塔&quot;屹立山顶，还有汉唐佛教圣地--马鬣寺遗址石拱窑洞。</p>\n\n<p><strong>天禄堂</strong></p>\n\n<p>　　天禄堂位于清徐徐沟西南坊，天禄堂府第，是一组建筑群体。整个建筑群可分为两大区:即位于城内西南坊的住宅生活区，占地约6700平方米;二是位于城南的游览园陵区，包括一座肃穆的陵园，两座各占地30亩的秀丽花园。两区总面积约计55000平方米。</p>\n\n<p><strong>香岩寺</strong></p>\n\n<p>　　香岩寺俗名无梁殿，创建于金明昌元年(1190年)，明、清时期屡有修葺。寺依山而建，主体建筑为石结构无梁殿三 座，由东到西依次排列，分别为地藏殿、释迦殿和观音殿。占地面积约3600平方米。据碑文记载，寺院创建于金代明昌元年(1190年)。</p>\n\n<p><strong>清徐尧庙</strong></p>\n\n<p style=\"text-align:center\"><a href=\"https://p1.ssl.qhmsg.com/t01021fc615937fe1cc.jpg\"><img alt=\"香岩寺(俗名无梁殿)\" id=\"img_8375010\" src=\"https://p1.ssl.qhmsg.com/dr/220__/t01021fc615937fe1cc.jpg\" title=\"香岩寺(俗名无梁殿)\" /></a></p>\n\n<p>　　清徐尧庙古称陶唐城，始建无考。庙坐北朝南，南北长60米，东<a href=\"https://p1.ssl.qhmsg.com/t01021fc615937fe1cc.jpg\">香岩寺(俗名无梁殿)</a>西宽70米，总面积4200平方米。现存建筑有帝尧殿、九连洞、娘娘殿、狐仙楼、藏经楼、乐台等。其中帝尧殿为明代建筑，余皆清代所建。帝尧殿面阔、进深各五间，平面为正方形，重檐歇山顶。</p>\n\n<p><strong>清徐东湖</strong></p>\n\n<p>　　东湖水面面积525亩，南北长710米，东西宽520米。水深平均3米，最深处4.5米，湖底为锅状形。</p>\n\n<p><strong>千佛洞</strong></p>\n\n<p>　　都沟石窟(又名千佛洞)，在县城西7公里处的都沟村北山上，与岩香寺浑然一体。该石窟开凿于唐末会昌年间(841-846)。1986年，山西省人民政府公布其为省级重点文化保护单位。石窟开凿在山腰上半部，现共存五窟。</p>\n\n<p><strong>严香寺</strong></p>\n\n<p>　　<a href=\"https://baike.so.com/doc/1553467-1642167.html\" target=\"_blank\">严香寺</a>又名都沟石窟。据清源县志载，宋元佑三年(1088年)十月十五日凿出石洞。北宋绍圣年间(1094-1098年)在洞外建慈云禅寺，形成礼拜窟与附近建禅院的石窟寺院组合。清末更名为严香寺，此后屡有增修，建玉泉阁、罗汉堂、龙王庙、观音阁等建筑。现寺院已废，仅存小型洞窟五处和明嘉靖二十一年(1542年)慈云禅寺重修碑一通。</p>\n','00008.jpg','Day1：清源文庙，Day2：狐突庙，Day3：罗贯中纪念馆，Day4：清泉寺',NULL),(33,'奇妙梦幻的威尼斯','地球上到处都没有威尼斯。没有街头小贩，没有游客，没有声音-只是偶尔在运河中飞溅桨。有些夜晚，打破了静止。它缓慢而旋律，警告即将到来的涨潮。几个小时后，这座城市被淹没了。威尼斯的街道空灵，沉思和孤独，呼应着跨越千年的历史。这是一个沼泽的泻湖如何被一群难民转为首次居住的渔民-被改造成世界上最富有的贸易大国之一的故事。然而，就她的历史而言，威尼斯并不是一个博物馆或一个陵墓，正如一些评论家可能会看到的那样。在这个迷宫般的狭窄桥梁，狭窄的庭院，扭曲的运河和百叶窗广场，是一个生机勃勃的城市，是短暂休息的理想选择。奇妙的是，威尼斯人的威尼斯一点也不难找。你会偶然发现这个真正的威尼斯在多尔索杜罗一条安静的小街上，或者在卡纳李吉奥的鱼贩围着的人群中徘徊，或者在午夜时分在圣马可广场的静止中徘徊。首先，不要指望在周末看到整个威尼斯。这是一座由座桥梁，个岛屿和一条狭窄蜿蜒的街道迷宫组成的城市根据的说法，几十年前你可以找到一辈子住在同一个病房但从未前往圣马克的威尼斯人广场。说到这里，让这个盛大的广场成为您的第一站。在圣马克的外立面东边，它在其存在的年间变化不大，无论是在夏天的高峰，高潮中淹没，还是在月光下沉默，人们都拥挤不堪，它总是神奇的。一旦你完成了在广场上与之斗争的管弦乐队和鸽子，就爬上钟楼。这座钟楼在意外倒塌后于年重建令人惊讶的是，杀死了看门人的猫人，钟楼提供了威尼斯群居屋顶的壮丽景色。如果没有太多的队列，请访问大教堂，如果只是为了在她五个宏伟的圆顶内部的闪闪发光的马赛克。接下来，按照黄色标志前往里亚托。虽然桥梁令人印象深刻，但隐藏在其旁边的鱼类和蔬菜市场更为有趣。厨师和老威尼斯家庭主妇忙碌着，充满了色彩，噪音和海洋的气息在像威尼斯这样的城市里，几乎每个家庭都被古老的拱门和窗户的遗迹所迷人，这些古色古香的拱门和窗户与华丽的窗框和洗涤物并列，因此几乎没有画廊和博物馆的空间。然而，是个例外。这座明亮而现代的博物馆被认为是意大利观看二十世纪艺术的最佳地点，是威尼斯纠结的街道上的一个受欢迎的休息场所。从泻湖可以看到威尼斯的黄昏-这是下午前往该市最近岛屿的完美借口。穆拉诺岛的玻璃制造圣地是最受欢迎的，但布拉诺也非常值得一游。这个色彩缤纷的小岛以其蕾丝制作而闻名，是观赏日落的理想场所。托马斯曼曾将威尼斯描述为;部分童话，部分旅游陷阱;。然而，对于所有的人群和纪念品商店，威尼斯仍然是一个生活和工作的城市。从卡斯特罗的洗衣行间街道到里亚托繁华的市场，如果你看起来足够努力，你可以收集真实威尼斯的照片。一个好的起点是少数民族居住区。远离熙熙攘攘的新路，在五分钟之内您就会发现自己身处欧洲最古老的犹太人聚居区。凭借其独特的高大建筑，宁静的庭院和梦幻般的犹太博物馆，它提供了一个迷人的威尼斯历史片段，同时仁慈地没有游客。在冒险回到城市堵塞的街道之前，穿过尖顶的桥梁前往公园-一个只有威尼斯人，他们的孩子和城市的猫经常光顾的阴凉公园。如果没有乘船前往她的一个或两个岛屿，那么威尼斯之旅就不算完整。穆拉诺和布拉诺是访问量最大的，但托尔切洛可以说是最迷人的。曾经是亚得里亚海最进口的贸易中心，这个蓬乱的岛屿现在有个人口。主要景点围绕一个广场，包括拜占庭大教堂和托尔切洛博物馆。在您徒步登上大教堂的钟楼非常值得欣赏岛屿泻湖后，穿过绿色草地前往典型的威尼斯酒馆。在乘坐公共汽艇返回威尼斯之前，用可食用的面包碗盛宴上的混合炒;。如需享受带导游的美食体验，可以前往城市历险记观看威尼斯的和葡萄酒之旅。您将参观里亚托食品市场，享受贡多拉十字路口，当然还可以品尝丰富的当地葡萄酒和西葫芦-后者是威尼斯风格的小吃，小点心和美味佳肴都在这个城市的正宗葡萄酒吧供应。隐藏在威尼斯狭窄的街道上的是数十个郁郁葱葱的绿色花园。园丁和作家提供这些秘密花园之旅，通过丁香和薰衣草的故事描绘城市的历史。若要欣赏不同的城市景观，请预订皮划艇之旅。威尼斯皮划艇提供夜间旅行，让游客有机会划过城市未开辟的运河-这是一次令人难忘的，如果有点微笑的体验。威尼斯以其冬季狂欢节而闻名，但真正的派对发生在七月，在救赎主的盛宴期间。作为纪念年肆虐威尼斯的瘟疫的盛宴，周末节日仍然是一个宗教庆典-但是大量的烟火和普罗赛克被混合在一起。像威尼斯人在星期六晚上那样做，并在圣马克盆地的水边餐厅或船上观看烟花。尽管如此，在展览结束后避开大运河，以免陷入世界上最严重的水上交通堵塞。任何前往威尼斯的冬季旅行者都会知道，有时候雾从运河和潮湿的树枝上升到你的骨头。这些是真正的威尼斯美食的日子。在马车和;用便宜又开朗的吃马苏里拉奶酪。对于最好的威尼斯街头美食，在新路的酒店停下来，品尝一串令人难以置信的美味蔬菜。不要忘记传奇的的一些非常美味的威尼斯饼干。;;魔鬼和圣水;位于宏伟的里亚托桥附近，是城市船夫最喜欢的水坑，通常可以在酒吧里找到吃神经，或小腿的肌腱。如果想要更精致的话，可以在预订一张桌子。享有运河的壮丽景色，这对于那些温暖的威尼斯之夜来说是必须的。酒吧爬行比威尼斯更好。威尼斯人甚至有自己的名词-一轮阴影。就像西班牙的西班牙小吃吧一样，这个城市的;;提供小杯葡萄酒和大量美味的，从油炸的马苏里拉奶油到脆脆的海鲜。威尼斯明亮，年轻的东西都可以在找到，饮用喷雾和放牧在上。加入;;或;，品尝;镇上最好的鸡尾酒。不容错过的是失落的天堂在卡纳李吉奥。这是一个用橄榄油和爵士乐一边为他们的喷雾服务的地方。除了定期播放现场音乐外，白胡子的主人和厨师确保酒吧顶部始终提供充足的供应。虽然在这里提早喝酒上午点的格拉巴酒是完全可以接受的，但大多数酒吧在午夜时分关闭。因此，任何寻找俱乐部的人都必须使用稍微驯服的爵士乐，或前往大陆。不言而喻，我们将威尼斯评选为世界上最浪漫的目的地之一.....','00009.jpg','Day1：黄金宫，Day2： 里亚托桥 ，Day3：安康圣母教堂，Day4：圣马可广场',NULL),(34,'绝美赛里木湖','<p>　　新疆赛里木湖，最佳的游玩季节其实是月份，可能月份南方已经进入了春天，感受到了春天的气息，但是北方或者西北地区来说，月可能连冰都没化完。但是旅游特别是季节性很强的风景区，一定要提早规划正所谓赶早不赶晚。赛里木湖最佳季节是月，因为月可以看到漫山遍野野花盛开但景色。每年但这个适合会有很多摄影爱好者前往这里取景。但是月人比较多，如果不介意留一点点遗憾但话，月中旬也是一个好时机，野花灿烂的程度虽逊色月，但人比较少，而且美丽的赛里木湖那一抹动人的蓝色不会让你失望的。新疆的春天比南方到来的要晚一个多月所以、月份来新疆其实等于是踏春。拼上难得的假期带着孩子来新疆体验下春游是不错的选择。同时新疆有大概小时的时差这边天黑比较晚，一般点左右天才会完全黑下来。所以游玩起来可以非常尽兴。对了，如果要拍星空记得避开农历前后。月越圆星空就越看不到。去新疆旅行不用担心安全问题，真的新疆可以说是全中国最安全的省份进出人员密集区必须过安检的。连住酒店都要安检～</p>\n','00010.jpg','第一天：接站  第二天：乌鲁木齐一五彩滩一布尔津  第三天：布尔津一喀纳斯一观鱼亭一喀纳斯景区  第四天：喀纳斯景区一徒步三湾一禾木  第五天：禾木一乌尔禾魔鬼城一克拉玛依  第六天：克拉玛依一安集海大峡谷一赛里木湖  第七天：赛里木湖一那拉提草原一那拉提  第八天：那拉提一巴音布鲁克  第九天：巴音布鲁克一独库公路一乌鲁木齐  第十天：返程送站',NULL),(35,'冰雪之冠·镜泊湖','年月日，冰雪之冠;镜泊湖第五届雪域之窗嘉年华冬捕节暨首届冰湖汽车漂移节在西湖岫大网捕鱼口正式拉开帷幕。来自全国各地的媒体、采购商和游客，不仅共同见证了镜泊湖今冬首张大网开捕，更亲身感受到镜泊湖冬捕仪式的传承与震撼。　　上午:，牡丹江市领导宣布第五届镜泊湖冬捕节正式开幕，随即，萨满祭祀表演及捕鱼壮士出征礼仪式盛装上演。当渔把头大喊;祭湖醒网仪式开始;时，震天的锣鼓、嘹亮的法号骤然响起;;满族传统的大秧歌渔家乐表演，引得现场嘉宾将一台台摄像机、一架架照相机对准表演者。渔工仰天长饮壮行酒后，方才拉网捕鱼，冰上捕鱼大戏正式开始。庄严的仪式表达了人们对美好生活的祈愿，更是对大自然无偿馈赠的感激。;　　伴随着鱼把头一声嘹亮的;起网喽;;;，近百名渔工合力收网出鱼，伴随水汽而出的各类鱼在网里活蹦乱跳，;万尾鲜鱼出玉门;的盛大景象让等待已久的人们露出了喜悦的笑容。游客秦先生表示，此次是专程从深圳来镜泊湖一睹冬捕壮观景象，感觉非常震撼和激动，不虚此行。据了解，镜泊湖今日冬捕的单网产量约达万斤，头鱼重量斤。;　　镜泊湖是世界第一大火山堰塞湖，发源自长白山牡丹峰，十一月下旬开始结冰，每年的结冰期长达个月，冰层厚度.米以上。截至目前，镜泊湖冬捕已成功举办过四届，成为黑龙江省一项生产与旅游相得益彰的渔猎文化，在国内旅游业的影响力日趋提升。　　与往年镜泊湖冬捕节不同，为增强-镜泊湖冬季旅游项目特色、丰富产品内容，配合第五届镜泊湖冬季捕鱼节的活动开展，月日下午，;镜泊湖首届)冰湖汽车漂移节;活动同期举办。现场除了专业赛车手绕赛道进行漂移及竞技表演外，还有来自各车友会、俱乐部的选手进行试乘试驾体验。据悉，该活动将持续到月日，让更多挑战者在享受镜泊湖全鱼宴的同时，充分领略冰雪试驾的魅力。;　　据主办方透露，除了传统冬捕文化展示，本次冬捕节还设置了多项娱乐活动供游客互动体验，全面展示镜泊湖冰雪旅游优势。游客可欣赏世界吉尼斯认证高山悬崖跳水第一人狄焕然惊险刺激的冰瀑跳水表演;可亲手挂一网湖鱼，体验冰上捕鱼的快乐，并第一时间快递给亲朋好友分享收获喜悦;并可在镜泊小镇露天温泉池中获得冰火两重天的体验;;丰富多彩的冰雪活动欢迎游客体验。　　近年来，在;冰雪之冠;黑龙江;的旅游品牌下，镜泊湖充分发挥独特的冰雪资源优势，实现了由观赏性冰雪项目向参与性冰雪项目的转型，冬捕节日趋成为镜泊湖景区冬季旅游的拳头产品，吸引海内外广大游客到来。','00011.jpg','镜泊湖',NULL),(36,'巴厘岛的迷人风光','对于从岩石上流淌下来的这个瀑布，看上去就特别的壮观。这样美的景色，好像是有人在前面捂住了眼睛，这样的景色来了还想来，见了就好像挪不动腿了，眼前的一切都像是一副仙境，太让人喜欢了美好的景色，美好的事物会让人的烦恼变少。对于大海，相信很多人都推荐去观看，而像这种有山有水的景色那是不少见了。当这些景色映入眼帘后，显得整个景色都更加的真是了，这里美的好像是一副画卷，让画家都无从下笔，这样的景色太自然了，好像是被画家仔仔细细雕刻出来的一样，这里的景色美的好像是在呼喊着我们，前去看看这里的美好。巴厘岛的景色很美，眼前的这处景色很美，不知道大家有没有感受到，说实话，很多的人都很喜欢旅行，美丽的景色，就好比是大自然吹了一口气，给了我们这样一个景色，相信来到这里之后，你一定不会后悔的。对于海滩海水，是很多人特别向往的一个旅游景点。面前的景色，是举世无双的景致，在这个世界上美丽的景色有很多，但只要是能让人喜欢的就是好的，绚丽多彩的自然风景，多不胜数，说了这么多就是想要告诉大家，但凡是大自然的景色，都是第一。对于湖底下的这根树叉，它好像要重新绽放一样，又张出来了新枝。当我们踏访万水千山后，方可之，自然的魅力，画面当中的这种美景，怕是让很多的人都很是喜欢了吧，这些景色看着就给人一种，生机勃勃的感觉，这里的每一个景色，就好像是被设计大家设计出来的一样。对于湖上的这个建筑物，它的作用就是起到一个独木桥的作用。这就是美丽的景色，它是那样的迷人，那样的可爱，透过我们的眼睛去看到的世界，好像更加美丽了，因为每个人的生长环境不同，所以每个人对于这个景色的理解也不同，只有当我们的心中有景之后，眼中才能够看见美丽的景色。','00012.jpg','Day1： 情人崖，Day2：神鹰广场 ，Day3：海神庙，Day4：蓝梦岛',NULL),(37,'梦幻般的巴厘岛','现在一旦提到巴厘岛，相信很多人在这个时候第一个想到的应该就是梦幻般的蓝色巴厘岛了，毕竟现如今巴厘岛，可是有很多的情侣都特意前去游玩，毕竟这里非常的浪漫，对于当地来说他们每一个景象都很浪漫，所以赶紧去度假吧。像这张照片是在大海上方拍摄的一张照片，看上去大海蓝蓝的，而且还与远处的天融为一体，这张照片是不是感觉特别的浪漫，如果和自己最爱的人一起看到这样的景象以后肯定是一件非常幸福的事情了。一个人工的水池直接与大海融为一体，虽然是拍摄角度的问题，但是和自己最喜欢的人在这里度假，是不是想想就特别浪漫呢？毕竟一直以来，巴厘岛已经有越来越多的情侣特意去当地度蜜月。这里可是一个非常受欢迎的地方。这张照片虽然看上去像阴天所拍摄的一张照片，但是这张照片是非常有梦幻的感觉，再加上后期的效果，如果大家在这里拍一张照片的话，回家当作留念或者是直接拿着和朋友炫耀，这是非常值得开心的一件事情。对于这张照片来说是在海边拍摄的一张照片，毕竟一旦来到巴厘岛，那最不能缺少的地方就是海边了，这里最著名的地方最浪漫，最梦幻的地方也就是海边和朋友们一起穿着泳衣，在海里游海水晒太阳，想想小编就觉得特别的向往。说到这里，很多人是不是都已经认为巴厘岛是非常梦幻的，而且来到这里不管和谁都会感受一下当地非常美丽的景象，一对情侣来的话，这可是一个非常浪漫的地方。是不是很多人已经准备好了行囊，开始准备下一站去往巴厘岛。','00013.jpg','巴厘岛 →巴厘岛 →科莫多 →科莫多 →科莫多 →巴厘岛',NULL),(38,'南京',';;;繁华而不喧闹南京人对南京人的各种称赞是早有耳闻了。南京人民热情友善，团结一致。让我有特别强烈的欲望去感受这样的一座人文城市。果然没有让我失望，来到南京的第一个晚上，一位公交车师傅就暖到我了。看我们像是来游玩的，很和善地问我们是不是来玩的，住在哪里，特别热情地告诉我们坐到哪个车站下车比较近其实我们已经探过路了还提醒我们下车；那个夏夜的旅途，圆满了我对友好南京人民的认识。还有，今年冬天的微博热搜，南京的一夜扫雪，是什么样的一座城市，才可以在暴雪过后一夜之间齐心努力，在清晨到来之前恢复城市原貌啊。这也许是第二次出发前我依旧蠢蠢欲动的原因吧，想要去一个有雪的冬天，裹一件羽绒服，在雪地里过一次冬。扫雪？我也乐意。一座城市该有的美丽和善良，她都有。景点千里迢迢来一趟，游客照总是免不了的，第一次来首先开启景点打卡模式。南京的景点还是有一些的，一边欣赏美景一边感受人文情怀，简直再惬意不过了。夫子庙说到南京，没有人不知道夫子庙吧，一开始以为只是一个简单的庙宇，真正来到这里还是有一点被它的繁华吸引，华灯初上，最喜欢傍晚时的灯光，天空的蓝和最后的落日余晖辉映再加以微弱的灯光，好一副色彩画。夫子庙的秦淮河夜景也是的，体验一下秦淮风光来了夫子庙还有一件很重要的事情，那就是吃吃吃啦可能是打开方式不对，没有找到特别多对胃口的小吃但是，南京著名的老鸭粉丝还是必须尝一下的好评如潮的回味老鸭粉丝打卡成功，个人觉得还是很不错的，料很足鸭血特别特别嫩，之后也还吃过几次别家的，还是觉得回味的一个外行吃货的真实感受还在夫子庙看了一场昆剧是听不懂说些什么啦，不过梁祝的经典桥段还是演绎得很到位的，看的太费劲就...没有照片了？钟山风景区不得不说这是一个性价比超高的景区，套票包括了中山陵、明孝陵、音乐台还有美龄宫和灵谷寺，学生票只要一百块诶，够玩一天的。美龄宫据说美龄宫的不同颜色的树木植物形成了一颗宝石的形状，虽然没有亲眼所见，就还是少女心一波。这建筑风格可以说是很喜欢了。美龄宫内景可以说是很豪华了想坐下来顿民国美食中山陵说到南京，都会想到孙中山先生吧，;天下为公;这四个大字只能用霸气来形容了。还有中山陵的楼梯据说这种类型的建筑楼梯都是很讲究的，从下往上看不到平台，全是阶梯；而从上往下看全是平台看不见楼梯。好像是这么回事，有点神奇。明孝陵明孝陵是朱元璋和他老婆合葬的陵墓了，完全是一个宫殿呀，大片的红色城墙很复古很有文化底蕴和岁月痕迹。回忆起来好像在这明孝陵还下起了大雨，在明孝陵躲雨也是很独特的体验了。明孝陵最出名的就是神道了吧，那两排的神兽共种石兽，每种对，共对屹立在神道两侧，是一种皇家寝陵的礼仪要求。网上看到的秋天金黄色的神道很是迷人，不过夏天充满绿意的神道也是很棒的。音乐台音乐台最大的特色就是鸽子吧，满广场的鸽子，有一点点想到布拉格广场，要是有音乐是真的超有意境了，不过好像有人超怕鸽子的哈哈，鸽子这么可爱，怎么能不喜欢呢灵谷寺由于时间关系就没有去了的地方呀，钟山风景区里好像还有观赏萤火虫的地方，不过也是没有去看了这一天的旅途是十分满足的。对了，还有南京的法桐啊随处可见的高大威武的绿树，就是我们的法国梧桐了，超美的。钟山风景区，小火车法桐可以说是很文艺了。雨花台;大屠杀纪念馆这是两个比较沉重的地方了，虽说游玩是主要目的，但是有些历史还是需要学习和铭记，传播一下爱国思想花絮当天有人穿着一件大红不太好意思去这些地方，于是乎开启了商场之旅，没想到的是，在南京找万达居然费了九牛二虎之力，还有点人烟稀少，还好有所收获，认真地观摩历史去了。南京博物院;总统府南京博物院是很有名的博物院了，古色古香很有六朝古都的韵味，承载着斑驳的历史，看一波《国家宝藏》逛一圈博物院。这种地方嘛，就很希望有懂历史懂文物的来讲解一下了本来想蹭一波解说，没想到现在人家都用的耳机听讲解，尝试失败。南京博物院还有一大网红，就是它的民国馆啦，相信很多女孩子会喜欢，充满了民国风情。用身份证自助取票就还是很方便的总统府嘛，又是学习历史的好地方了，作为一个历史小学渣是没什么太大感触就是了......依旧是很浓厚的人文氛围，民国风。玄武湖公园哈哈，一开始喜欢南京好像就因为玄武湖，听起来莫名霸气，就觉得很酷，没有理由。这个公园很大很大了，适合休闲漫步散散心。玄武门。也是超霸气了南京大学鼓楼校区就在市区里头了，很热闹，但因为去的时候是晚上，看不清风景和建筑，但是浓厚的学术氛围和夏夜温暖的风把我包围，很是喜欢了。但是这次的主角确是离它几百米的先锋书店，一个地下车库改建成的，好吧我承认我最喜欢这种地方了，很有气氛。很喜欢明信片这种东西，因为它拥有着某时某地的独家记忆。接下来，重磅来袭。去了最多次的地方;;南京大学仙林校区第一次来，校园好大，太阳好晒，院楼好远......没有好好记下她的模样还顺便在这里来了一个他乡遇故知的剧情，差点没赶上回来的动车......那顺便吐槽一下回来的动车，晚点两个小时，还没来得及买吃的，吃了一顿火车上的;豪华餐;，然后真真的深夜抵达，不过超暖的是，有人买好了吃的等待归来。第二次真正意义上的故地重游，一个人陌生又熟悉。是我喜欢的初冬既视感啊，虽然是春天，但看惯了南方常青的冬天，这有点萧瑟又有点新鲜的枝桠，像是记忆中深秋和初冬的景象，是最美的画面。南大的三月份，说不出什么名字的白色的花，满校园都是。傍晚的夕阳配红色的院楼，美呆咯。天气超好的几天，让我没有感受到从南到北的温差。还有就是，学霸之所以成为学霸，是因为即使优秀还是比别人努力吧。校园里随处可见的桌椅，都是坐着学习的人呐杂谈南京的地铁很方便呢。新街口和大行宫是印象深刻了住宿推荐哦，交通方便十分重要。顺便吐槽，在地铁站拖着行李箱和别人撞衫是什么样的体验...还有，可爱的南京地铁英文报站，可以不把羊山公园翻成;;嘛，真的怪别扭的。快看地铁开过去了然后就是好吃的啦，第一次来没吃到的南京大排档，后来吃到了，也算是圆满了，还有被强推的尹式汤包啦就在鼓楼南京大排档的旁边实测还不错可以还有南林的樱花啦，赶上樱花的好时候一定很美。还有还有，超少女心的我就应该多玩一会儿再走的','00014.jpg','Station 1 夫子庙，Station 2 钟山风景区，Station 3 明孝陵，Station 4 南京博物院&总统府',NULL),(39,'泰山','登泰山，看日出，这应该是大多数爬泰山的人的选择，因此，夜爬泰山成为了一道独特的风景，晚上伴着潺潺流水，迎着微微山风，三五好友结伴而游，可以冲掉路途的疲惫。主页君也是选择了夜爬，这已经是两年前的事情了，和三个大学好友一起爬泰山，成为了大学生活一次难忘的经历。到了泰安，已是下午，坐火车做的已然饿了，选择了一家炒菜馆，点了几个例如炒鸡之类的菜，美味可口，对晚上充满了憧憬。晚上爬山，没有留下太多风景，只有山脚下这个刻着泰山字样的石碑，好像在告诉我们，泰山就在前面了夜爬的乐趣在于未知，头顶星月，脚踏石阶，黢黑的山路，只看见一束束手电筒的灯光，你不知道你走过的是什么样的风景，更不知道留下这一路欢声笑语的都是什么样的人，只是一路伴着潺潺的水声，愉快的聊着天。登泰山是很累的，虽然是警校生，天天锻炼，但是爬到南天门的时候还是感觉很累，毕竟不是铁腿，哈哈，所以非常佩服一些老人和小孩子，能坚持下来都是好样的。凌晨三点左右爬到山顶观日台的位置，已经站了很多人，几个人找了一块大石头，望着满天星斗开始聊天，好不惬意，我觉得这种感觉，或者说这种经历，一辈子也难得有几次了。不知道住了多久，人群开始热闹起来，原来日出快要开始了;;接下来就是观日出的时候的;;看着太阳一点一点出来，人群里面全是欢呼与尖叫，好像看一个新生的婴儿慢慢出来泰山的云海也是一绝，看上去真的很壮观泰山在中国的地位很高，如果单论景色或许还有许多山比泰山要好，但泰山的人文意义却不寻常，古时候皇帝都要到泰山封禅，国泰民安的寓意也符合统治者的思想。一座小庙冒出的青烟，泰山的香火一向很旺，在这角度看过去，宛若身在仙界自然与人文的结合，羡慕住在山上的工作人员，每天面对山风与日光一眼望过去，满目苍翠，一片生机盎然，真的很想再去一次，和心爱的她，一起对着远山呐喊，告诉她我有多么爱她登泰山，泰山的石刻是不可错过的一道风景，历朝历代，无数文人骚客在这里留下了自己的印记拱北石----真的是天造地设，大自然的造化泰山的特点就一个字，雄这条街应该是天街，晚上的时候走在这条山路上，妙不可言露营的好地方，视野很开阔的一块平台。不知道是什么样的人，留下这么有诗意的一句诗，我对青松云作伴，多么令人心旷神怡的画面，恕我词穷，无法形容出这种感觉。泰山之行，充满回忆，因为这是年少时的疯狂，青春就该尽情的浪，要不然等你老了，想浪就晚了。','00015.jpg','泰山日出',NULL),(40,'吴哥寺','导语游览吴哥，走进迷人的古代庙宇，巴戎寺触碰;高棉的微笑;，奔赴吴哥寺看日出，洞里萨湖看水上人家，巴肯山并肩看日落，在吴哥窟最震撼人心的美景，就要数小吴哥的日出了，一起来看看吧。大家常常所讲的小吴哥，其实就是吴哥寺，它不仅是世界上最大的印度教建筑，也是世界上最大的宗教建筑，堪称世界上最完美的古迹之一。而其标志性的五座圣塔，高耸云端，象征了高棉人坚强不屈的尊严和骄傲。现如今，你在他们的国旗上就可以看见，俨然已被作为民族形象了。去吴哥寺看日出，对于每一个来到柬埔寨的人都像是奔赴一场神圣祭典，更是一个在知道吴哥窟的那一天时就深植心底的约定。凌晨点钟就起来，坐上事先订好的突突车，在朦胧夜色中朝着吴哥出发。在大道的尽头，护城河宽阔的水面犹如深远的大海，映着天上朦胧的光，水面中央是一座大大的城堡，远远地、静静地又沉沉地立在那里，那便是吴哥寺了。寺前的莲花池是观看日出的最佳地方。还有些昏暗的晨光下早已聚集了很多的人，但是却很安静，没有人愿意打破这份神圣的宁静。随着黎明迫近，晨曦渐露，清晨阳光柔软地漫上塔尖、塔身，错落而立的座圣塔在黎明破晓时蓝紫色的天空的映衬下，如莲花，沉静绽放。阳光开始一点点地亮起来，不一会儿，已是霞光满天，古老的吴哥犹如披上了一件梦的衣裳，温柔似镜的水面上吴哥的倒影，绚烂夺目。这一刻，吴哥，美得让人落泪。朋友，你觉得如何，欢迎评论，下期见','00016.jpg','吴哥寺看日出，对于每一个来到柬埔寨的人都像是奔赴一场神圣祭典',NULL),(43,'冰岛火山','冰岛火山于当地时间年月日凌晨时北京时间时开始喷发。冰岛火山日继续喷发，同时爆发冰泥流，带来巨大洪水，火山灰在天空中大量飘散，专家担心，如果火山再继续这样爆下去，有毒物质进入平流层，恐怕会影响到整个地球，让地球出现异常低温，最坏的情况，会让地球长达一两年，阳光都被阻挡。天空中聚积的大量火山灰，盘据在白云之上，冰岛艾维法拉火山所喷发出的火山灰，凝结在冷空气中，看似动也不动。连挪威的民众在自家门口，都可以就近观察到，火山灰和蓝天白云层层叠叠。这股浓重火山灰，沿着冰岛，挪威，一路飘散到英国，横扫整个欧洲大陆上空冰岛艾维法拉火山持续喷发，火山灰凝结在高空中，更有人拿出空拍火山口的雷达图研究，发现只要倒过来看，宛如张大嘴的鬼脸。学者彼特;赛蒙斯日前接受美国媒体采访称;掉落的火山灰，可能会引发许多问题。;赛蒙斯指出，世纪初，印度尼西亚的坦博拉火山爆发，火山灰带来的有毒二氧化硫，和水气形成硫酸雾，流到平流层后阻挡整个阳光，导致年成为没有阳光的一年。美国记者问道;所以这个状况会再发生？也就是后续效应还会再扩大？;赛蒙斯回应;冰岛的状况，没有证据显示，会引爆同样灾难无日照。;冰岛近年来，最严重的火山爆发，虽然还没有证据显示，会让全球整年没有日照，但是连学者都不敢断言，全球天气不会因此降温。月日，冰岛埃亚菲亚德拉火山持续喷发，火山正在由喷出火山灰向喷发熔岩转变。','00017.jpg','观看过山',NULL),(44,'慕尼黑','慕尼黑;)是拜恩州巴伐利亚州的首府、德国南部最大的城市，坐落在阿尔卑斯山北麓的伊萨尔河畔。它在现代化发展的同时保留了巴伐利亚王国都城的古朴风情，热闹非凡的啤酒节和狂热的足球赛事驰名世界。;慕尼黑德文;，也称明兴，是德国巴伐利亚州的首府。慕尼黑分为老城与新城两部分，总面积达平方公里。年人口为万，是德国南部第一大城，全德国第三大城市仅次于柏林和汉堡；都会区人口达到万;[];;。慕尼黑位于德国南部阿尔卑斯山北麓的伊萨尔河畔，是德国主要的经济、文化、科技和交通中心之一。慕尼黑同时又保留着原巴伐利亚王国都城的古朴风情，因此被人们称作;百万人的村庄;。是生物工程学、软件及服务业的中心;[];;。慕尼黑是德国第二大金融中心仅次于法兰克福，慕尼黑是欧洲重要的出版中心之一，拥有《南德意志报》出版社等众多出版社;[];;。','00018.jpg','玛利亚广场——维特尔斯巴赫王宫——维克图阿连市场——图林根烤香肠',NULL);

/*Table structure for table `db_recover` */

DROP TABLE IF EXISTS `db_recover`;

CREATE TABLE `db_recover` (
  `recover_id` int(11) NOT NULL AUTO_INCREMENT,
  `file_name` varchar(200) DEFAULT NULL,
  PRIMARY KEY (`recover_id`)
) ENGINE=InnoDB DEFAULT CHARSET=utf8;

/*Data for the table `db_recover` */

/*Table structure for table `menu` */

DROP TABLE IF EXISTS `menu`;

CREATE TABLE `menu` (
  `menu_id` int(11) NOT NULL AUTO_INCREMENT COMMENT '权限编号',
  `menu_name` varchar(100) DEFAULT NULL COMMENT '权限名',
  `parent_id` int(11) DEFAULT NULL COMMENT '父节点编号(-1为父节点)',
  `img` varchar(100) DEFAULT NULL COMMENT '图标',
  `url` varchar(100) DEFAULT NULL COMMENT '访问路径',
  PRIMARY KEY (`menu_id`)
) ENGINE=InnoDB AUTO_INCREMENT=29 DEFAULT CHARSET=utf8;

/*Data for the table `menu` */

insert  into `menu`(`menu_id`,`menu_name`,`parent_id`,`img`,`url`) values (1,'总部管理员',-1,NULL,NULL),(2,'导游订单查询',-1,NULL,NULL),(3,'管理员管理',-1,NULL,NULL),(4,'区域1员工列表',1,NULL,'staff/workspace/?workspace=区域1'),(5,'区域2员工列表',1,NULL,'staff/workspace/?workspace=区域2'),(6,'区域3员工列表',1,NULL,'staff/workspace/?workspace=区域3'),(7,'分社1-1',-1,NULL,NULL),(8,'分社1-2',-1,NULL,NULL),(9,'分社1-3',-1,NULL,NULL),(10,'角色管理',1,'0','role/all'),(11,'后台用户列表',3,'0','admin/list'),(13,'订单管理',7,NULL,'QueryOrderController/query'),(14,'用户管理',-1,NULL,NULL),(15,'用户列表',14,'0','user/userByPageBean'),(16,'景点管理',-1,NULL,NULL),(17,'景点列表',16,'0','attraction/all'),(18,'数据备份',-1,NULL,NULL),(19,'备份管理',18,NULL,'db/all'),(21,'订单查询',2,'0','QueryOrderController/queryBySid'),(22,'订单管理',8,NULL,'QueryOrderController/query'),(23,'订单管理',9,NULL,'QueryOrderController/query'),(24,'权限管理',1,NULL,'menu/all'),(25,'员工列表',3,'0','staff/list'),(26,'游客管理',0,'0','visitor/visitorByPage'),(27,'组团管理',-1,NULL,NULL),(28,'组团列表',27,NULL,'team/teamQuery');

/*Table structure for table `menu_role` */

DROP TABLE IF EXISTS `menu_role`;

CREATE TABLE `menu_role` (
  `menu_role_id` int(11) NOT NULL AUTO_INCREMENT COMMENT '中间表编号',
  `menu_id` int(11) DEFAULT NULL COMMENT '权限编号',
  `role_id` int(11) DEFAULT NULL COMMENT '角色编号',
  PRIMARY KEY (`menu_role_id`),
  KEY `menu_role_menu_menu_id_fk` (`menu_id`),
  KEY `menu_role_role_role_id_fk` (`role_id`),
  CONSTRAINT `menu_role_menu_menu_id_fk` FOREIGN KEY (`menu_id`) REFERENCES `menu` (`menu_id`) ON DELETE CASCADE,
  CONSTRAINT `menu_role_role_role_id_fk` FOREIGN KEY (`role_id`) REFERENCES `role` (`role_id`) ON DELETE CASCADE
) ENGINE=InnoDB AUTO_INCREMENT=194 DEFAULT CHARSET=utf8;

/*Data for the table `menu_role` */

insert  into `menu_role`(`menu_role_id`,`menu_id`,`role_id`) values (57,7,5),(58,13,5),(59,8,6),(60,22,6),(99,2,14),(100,21,14),(113,1,2),(114,4,2),(115,1,3),(116,5,3),(117,1,4),(118,6,4),(178,3,15),(179,11,15),(180,1,1),(181,10,1),(182,24,1),(183,3,1),(184,11,1),(185,25,1),(186,14,1),(187,15,1),(188,16,1),(189,17,1),(190,18,1),(191,19,1),(192,27,1),(193,28,1);

/*Table structure for table `orders` */

DROP TABLE IF EXISTS `orders`;

CREATE TABLE `orders` (
  `order_id` bigint(20) NOT NULL COMMENT '订单编号',
  `user_id` int(11) DEFAULT NULL COMMENT '用户编号',
  `attraction_id` int(11) DEFAULT NULL COMMENT '景点编号',
  `staff_id` int(11) DEFAULT NULL COMMENT '导游编号',
  `type_id` int(11) DEFAULT NULL COMMENT '类型编号',
  `create_time` datetime DEFAULT NULL COMMENT '下单时间',
  `departure` datetime DEFAULT NULL COMMENT '出发时间',
  `place` varchar(100) DEFAULT NULL COMMENT '集合地点',
  `state` int(11) DEFAULT NULL COMMENT '订单状态(0为未支付，1为已支付，2为退单)',
  `total` double(10,2) DEFAULT NULL COMMENT '总价',
  `team_id` int(11) DEFAULT NULL COMMENT '组团信息',
  PRIMARY KEY (`order_id`),
  KEY `FKidlwbmtcgkjh0opb5avp06wd2` (`attraction_id`),
  KEY `FK4ery255787xl56k025fyxrqe9` (`staff_id`),
  KEY `FK3st5s3yso6m1nu1wdpfaof1q` (`type_id`),
  KEY `FKel9kyl84ego2otj2accfd8mr7` (`user_id`),
  KEY `FKdt89yeqha9hqufdeg91ck5k3o` (`team_id`),
  CONSTRAINT `FK3st5s3yso6m1nu1wdpfaof1q` FOREIGN KEY (`type_id`) REFERENCES `type` (`type_id`),
  CONSTRAINT `FK4ery255787xl56k025fyxrqe9` FOREIGN KEY (`staff_id`) REFERENCES `staff` (`staff_id`) ON DELETE SET NULL,
  CONSTRAINT `FKdt89yeqha9hqufdeg91ck5k3o` FOREIGN KEY (`team_id`) REFERENCES `team` (`team_id`) ON DELETE SET NULL ON UPDATE CASCADE,
  CONSTRAINT `FKel9kyl84ego2otj2accfd8mr7` FOREIGN KEY (`user_id`) REFERENCES `user` (`user_id`),
  CONSTRAINT `FKidlwbmtcgkjh0opb5avp06wd2` FOREIGN KEY (`attraction_id`) REFERENCES `attraction` (`attraction_id`) ON DELETE SET NULL
) ENGINE=InnoDB DEFAULT CHARSET=utf8;

/*Data for the table `orders` */

insert  into `orders`(`order_id`,`user_id`,`attraction_id`,`staff_id`,`type_id`,`create_time`,`departure`,`place`,`state`,`total`,`team_id`) values (2019050908403007,1,NULL,28,2,'2019-05-09 08:40:30','2019-05-09 08:39:57','东门',0,3333323.00,NULL),(2019050908440101,1,30,8,1,'2019-05-09 08:44:01','2019-12-30 10:13:46','南门',1,800.00,NULL),(2019050908535893,1,35,NULL,2,'2019-05-09 08:53:59','2019-05-31 10:00:00','西门',0,9898.00,NULL),(2019050909321053,1,39,28,2,'2019-05-09 09:32:10','2019-05-22 09:00:00','南门',0,6684690.00,NULL),(2019050909345069,1,28,30,1,'2019-05-09 09:34:50','2019-10-23 17:02:23','中门',0,20100.00,4);

/*Table structure for table `price` */

DROP TABLE IF EXISTS `price`;

CREATE TABLE `price` (
  `id` int(11) NOT NULL AUTO_INCREMENT COMMENT '价格编号',
  `attraction_id` int(11) DEFAULT NULL COMMENT '景点编号',
  `type_id` int(11) DEFAULT NULL COMMENT '类型编号',
  `price` double(10,2) DEFAULT NULL COMMENT '单价',
  PRIMARY KEY (`id`),
  KEY `price_attraction_attraction_id_fk` (`attraction_id`),
  KEY `price_type_type_id_fk` (`type_id`),
  CONSTRAINT `price_attraction_attraction_id_fk` FOREIGN KEY (`attraction_id`) REFERENCES `attraction` (`attraction_id`) ON DELETE CASCADE,
  CONSTRAINT `price_type_type_id_fk` FOREIGN KEY (`type_id`) REFERENCES `type` (`type_id`)
) ENGINE=InnoDB AUTO_INCREMENT=45 DEFAULT CHARSET=utf8;

/*Data for the table `price` */

insert  into `price`(`id`,`attraction_id`,`type_id`,`price`) values (1,25,2,400.00),(2,25,1,350.00),(3,26,2,1000.00),(4,26,1,700.00),(5,27,2,5000.00),(6,27,1,4000.00),(7,28,2,7000.00),(8,28,1,6700.00),(9,29,2,600.00),(10,29,1,400.00),(11,30,2,900.00),(12,30,1,800.00),(13,31,2,200.00),(14,31,1,220.00),(15,32,2,1000.00),(16,32,1,900.00),(17,33,1,10000.00),(18,33,2,400000.00),(19,34,1,4000.00),(20,34,2,6000.00),(21,35,1,4646.00),(22,35,2,9898.00),(23,36,1,20000.00),(24,36,2,444444.00),(25,37,1,31231.00),(26,37,2,12435.00),(27,38,1,1111.00),(28,38,2,1223.00),(29,39,1,111123.00),(30,39,2,3342345.00),(31,40,1,0.00),(32,40,2,10.00),(33,43,1,99999.00),(34,43,2,9999.00),(35,44,1,98791.00),(36,44,2,7984156.00);

/*Table structure for table `role` */

DROP TABLE IF EXISTS `role`;

CREATE TABLE `role` (
  `role_id` int(11) NOT NULL AUTO_INCREMENT COMMENT '角色编号',
  `role_name` varchar(10) DEFAULT NULL COMMENT '角色名',
  PRIMARY KEY (`role_id`)
) ENGINE=InnoDB AUTO_INCREMENT=16 DEFAULT CHARSET=utf8;

/*Data for the table `role` */

insert  into `role`(`role_id`,`role_name`) values (1,'总部管理员'),(2,'区域1管理员'),(3,'区域2管理员'),(4,'区域3管理员'),(5,'分社1-1'),(6,'分社1-2'),(7,'分社1-3'),(8,'分社2-1'),(9,'分社2-2'),(10,'分社2-3'),(11,'分社3-1'),(12,'分社3-2'),(13,'分社3-3'),(14,'导游'),(15,'HR');

/*Table structure for table `staff` */

DROP TABLE IF EXISTS `staff`;

CREATE TABLE `staff` (
  `staff_id` int(11) NOT NULL AUTO_INCREMENT COMMENT '员工编号',
  `staff_name` varchar(100) DEFAULT NULL COMMENT '员工姓名',
  `staff_sex` char(1) DEFAULT NULL COMMENT '员工性别',
  `card_id` varchar(20) DEFAULT NULL COMMENT '身份证号',
  `phone` varchar(20) DEFAULT NULL COMMENT '手机号',
  `job` varchar(10) DEFAULT NULL COMMENT '职务',
  `workplace` varchar(10) DEFAULT NULL COMMENT '工作地',
  `admin_id` int(11) DEFAULT NULL,
  PRIMARY KEY (`staff_id`),
  KEY `FK576psbkwg4es91bbxxstg0du6` (`admin_id`),
  CONSTRAINT `FK576psbkwg4es91bbxxstg0du6` FOREIGN KEY (`admin_id`) REFERENCES `admin` (`admin_id`) ON DELETE CASCADE
) ENGINE=InnoDB AUTO_INCREMENT=34 DEFAULT CHARSET=utf8;

/*Data for the table `staff` */

insert  into `staff`(`staff_id`,`staff_name`,`staff_sex`,`card_id`,`phone`,`job`,`workplace`,`admin_id`) values (1,'张三','男','111111111111111111','13311112222','管理员','总部',1),(2,'李四','男','222222222222222222','13211112222','管理员','区域1',2),(3,'王五','女','333333333333333333','13511112222','管理员','区域2',3),(4,'赵六','男','444444444444444444','13811112222','管理员','区域3',4),(5,'王1','男','123456789123456789','15011112222','导游',NULL,5),(6,'王2','男','987654321987654321','15111112222','导游',NULL,6),(7,'王3','女','123456789987654321','15511112222','导游',NULL,7),(8,'王4','男','987654321123456789','15711112222','导游',NULL,8),(9,'王5','男','123456789012345678','15811112222','导游',NULL,9),(28,' 小碗','男','111111111111111111','18435135636','导游','区域1',36),(30,'小黎','女','146465136556155','15646846566','导游','北京',37),(31,'小武','男','155642355468645','14845565235','导游','上海',39),(32,'小贾','男','145846565653232','15456565666','管理员','上海',40),(33,'奥莉','女','146523266543653','15644845332','导游','北京',41);

/*Table structure for table `team` */

DROP TABLE IF EXISTS `team`;

CREATE TABLE `team` (
  `team_id` int(11) NOT NULL AUTO_INCREMENT COMMENT '组团信息编号',
  `attraction_id` int(11) DEFAULT NULL COMMENT '景点编号',
  `staff_id` int(11) DEFAULT NULL COMMENT '导游编号',
  `departure` datetime DEFAULT NULL COMMENT '出发时间',
  `place` varchar(100) DEFAULT NULL COMMENT '集合地点',
  `predict` int(11) DEFAULT NULL COMMENT '预计人数',
  `current` int(11) DEFAULT NULL COMMENT '当前人数',
  PRIMARY KEY (`team_id`),
  KEY `FK4rpgyyxdmr8mtreo0fewlf68y` (`attraction_id`),
  KEY `FK1nlupfyrkcy1sgmxv0ptk75s1` (`staff_id`),
  CONSTRAINT `FK1nlupfyrkcy1sgmxv0ptk75s1` FOREIGN KEY (`staff_id`) REFERENCES `staff` (`staff_id`),
  CONSTRAINT `FK4rpgyyxdmr8mtreo0fewlf68y` FOREIGN KEY (`attraction_id`) REFERENCES `attraction` (`attraction_id`)
) ENGINE=InnoDB AUTO_INCREMENT=12 DEFAULT CHARSET=utf8;

/*Data for the table `team` */

insert  into `team`(`team_id`,`attraction_id`,`staff_id`,`departure`,`place`,`predict`,`current`) values (1,25,1,'2019-09-08 08:04:23','北门',30,0),(2,25,1,'2019-10-13 14:10:38','北门',15,0),(3,29,7,'2019-08-14 12:01:59','北门',15,0),(4,28,30,'2019-10-23 17:02:23','中门',20,5),(5,27,6,'2019-11-01 05:02:38','南门',20,0),(6,27,6,'2019-11-15 22:02:58','北门',20,0),(7,28,9,'2019-12-29 00:09:07','中门',30,0),(8,26,32,'2019-12-29 01:08:23','中门',15,0),(9,30,2,'2019-05-09 10:03:10','南门',20,NULL),(11,25,1,'2019-05-08 19:00:00','南门',12,0);

/*Table structure for table `type` */

DROP TABLE IF EXISTS `type`;

CREATE TABLE `type` (
  `type_id` int(11) NOT NULL AUTO_INCREMENT COMMENT '类型编号',
  `type_name` varchar(10) DEFAULT NULL COMMENT '类型名称',
  PRIMARY KEY (`type_id`)
) ENGINE=InnoDB AUTO_INCREMENT=3 DEFAULT CHARSET=utf8;

/*Data for the table `type` */

insert  into `type`(`type_id`,`type_name`) values (1,'组团游'),(2,'散客游');

/*Table structure for table `user` */

DROP TABLE IF EXISTS `user`;

CREATE TABLE `user` (
  `user_id` int(11) NOT NULL AUTO_INCREMENT COMMENT '普通用户编号',
  `email` varchar(100) DEFAULT NULL COMMENT '电子邮箱(用户名)',
  `password` varchar(100) DEFAULT NULL COMMENT '登录密码',
  `state` int(2) DEFAULT NULL COMMENT '激活状态(0为未激活，1为已激活)',
  `code` varchar(10) DEFAULT NULL COMMENT '激活码 邮箱注册时根据邮箱验证',
  PRIMARY KEY (`user_id`),
  UNIQUE KEY `user_email_uindex` (`email`),
  UNIQUE KEY `UKob8kqyqqgmefl0aco34akdtpe` (`email`)
) ENGINE=InnoDB AUTO_INCREMENT=80 DEFAULT CHARSET=utf8;

/*Data for the table `user` */

insert  into `user`(`user_id`,`email`,`password`,`state`,`code`) values (1,'123@qq.com','123',1,'F3GT'),(2,'456@qq.com','456',1,'U5F4'),(3,'789@qq.com','789',1,'6SHJ'),(38,'714404821@qq.com','123456',1,'1G8T'),(42,'123456789@qq.com','123456789',0,'59IC'),(48,'535656612@qq.com','123456',0,'QR40'),(55,'1546997370@qq.com','123',0,'2BEH'),(78,'zxcva@qq.com','ad1234',1,'85JO'),(79,'123123123@qq.com','yy123',0,'688I');

/*Table structure for table `visitor` */

DROP TABLE IF EXISTS `visitor`;

CREATE TABLE `visitor` (
  `visitor_id` int(11) NOT NULL AUTO_INCREMENT COMMENT '游客编号',
  `visitor_name` varchar(100) DEFAULT NULL COMMENT '游客姓名',
  `card_id` varchar(100) NOT NULL COMMENT '身份证号',
  `phone` varchar(20) DEFAULT NULL COMMENT '手机号',
  `order_id` bigint(20) DEFAULT NULL COMMENT '订单编号',
  PRIMARY KEY (`visitor_id`),
  KEY `FKpro6gme2i8thy5i476jyb6rh8` (`order_id`),
  CONSTRAINT `FKpro6gme2i8thy5i476jyb6rh8` FOREIGN KEY (`order_id`) REFERENCES `orders` (`order_id`) ON DELETE CASCADE
) ENGINE=InnoDB AUTO_INCREMENT=199 DEFAULT CHARSET=utf8;

/*Data for the table `visitor` */

insert  into `visitor`(`visitor_id`,`visitor_name`,`card_id`,`phone`,`order_id`) values (191,'Archer','142201199601092731','18534402781',2019050908403007),(192,'小明','140105199001252914','18435135633',2019050908440101),(193,'王山','140105199001252914','18435135636',2019050908535893),(194,'小明','140105199001252922','18435135636',2019050909321053),(195,'小王','140105199001252922','18435135633',2019050909321053),(196,'小明','140105199001252914','18435135633',2019050909345069),(197,'小王','140105199001252912','18435135633',2019050909345069),(198,'123','140105199001252914','18435135633',2019050909345069);

/*!40101 SET SQL_MODE=@OLD_SQL_MODE */;
/*!40014 SET FOREIGN_KEY_CHECKS=@OLD_FOREIGN_KEY_CHECKS */;
/*!40014 SET UNIQUE_CHECKS=@OLD_UNIQUE_CHECKS */;
/*!40111 SET SQL_NOTES=@OLD_SQL_NOTES */;
