/*
SQLyog Ultimate v10.00 Beta1
MySQL - 5.6.23-log : Database - travel
*********************************************************************
*/

/*!40101 SET NAMES utf8 */;

/*!40101 SET SQL_MODE=''*/;

/*!40014 SET @OLD_UNIQUE_CHECKS=@@UNIQUE_CHECKS, UNIQUE_CHECKS=0 */;
/*!40014 SET @OLD_FOREIGN_KEY_CHECKS=@@FOREIGN_KEY_CHECKS, FOREIGN_KEY_CHECKS=0 */;
/*!40101 SET @OLD_SQL_MODE=@@SQL_MODE, SQL_MODE='NO_AUTO_VALUE_ON_ZERO' */;
/*!40111 SET @OLD_SQL_NOTES=@@SQL_NOTES, SQL_NOTES=0 */;
CREATE DATABASE /*!32312 IF NOT EXISTS*/`travel` /*!40100 DEFAULT CHARACTER SET utf8 */;

USE `travel`;

/*Table structure for table `admin` */

DROP TABLE IF EXISTS `admin`;

CREATE TABLE `admin` (
  `admin_id` int(11) NOT NULL AUTO_INCREMENT COMMENT '后台用户编号',
  `admin_name` varchar(100) DEFAULT NULL COMMENT '用户名',
  `password` varchar(100) DEFAULT NULL COMMENT '密码',
  `staff_id` int(11) DEFAULT NULL COMMENT '员工编号',
  `role_id` int(11) DEFAULT NULL COMMENT '角色编号',
  PRIMARY KEY (`admin_id`),
  KEY `FKd8vlurk7shm472n9yil1tyvym` (`role_id`),
  KEY `FKpfjyosx85te798iryn7m6cw1u` (`staff_id`),
  CONSTRAINT `FKd8vlurk7shm472n9yil1tyvym` FOREIGN KEY (`role_id`) REFERENCES `role` (`role_id`),
  CONSTRAINT `FKpfjyosx85te798iryn7m6cw1u` FOREIGN KEY (`staff_id`) REFERENCES `staff` (`staff_id`)
) ENGINE=InnoDB AUTO_INCREMENT=9 DEFAULT CHARSET=utf8;

/*Data for the table `admin` */

insert  into `admin`(`admin_id`,`admin_name`,`password`,`staff_id`,`role_id`) values (1,'AA','154645',1,1),(2,'BB','453534',2,2),(3,'CC','425645',6,3),(4,'DD115','345354',NULL,NULL),(5,'132','154546',NULL,NULL),(6,'000000','000000',NULL,NULL),(7,'111999','9999',NULL,NULL),(8,'99999999','99999999',NULL,NULL);

/*Table structure for table `attraction` */

DROP TABLE IF EXISTS `attraction`;

CREATE TABLE `attraction` (
  `attraction_id` int(11) NOT NULL AUTO_INCREMENT COMMENT '景点编号',
  `attraction_name` varchar(100) DEFAULT NULL COMMENT '景点名称',
  `attraction_desc` text COMMENT '景点介绍',
  `image_url` varchar(100) DEFAULT NULL COMMENT '景点图片',
  `route` text COMMENT '旅游路线',
  PRIMARY KEY (`attraction_id`)
) ENGINE=InnoDB AUTO_INCREMENT=41 DEFAULT CHARSET=utf8;

/*Data for the table `attraction` */

insert  into `attraction`(`attraction_id`,`attraction_name`,`attraction_desc`,`image_url`,`route`) values (25,'桂林西湖','<p style=\"text-align:center\"><img alt=\"\" src=\"http://localhost/035bd4657c334ee3832772eebc152b18_00001.jpg\" style=\"height:105px; width:200px\" /><img alt=\"\" src=\"http://localhost/f3c1a64a4d5c4b4da3b0dda995615b1d_00001.jpg\" style=\"height:105px; width:200px\" /></p>\n\n<p style=\"text-align:center\">桂林西山公园的西湖。(资料图)</p>\n\n<p style=\"text-align:center\">　　■杨力叶</p>\n\n<p>　　在桂林城西有一座西山公园，西山脚下的西湖又给人们提供了水上泛舟的便利，每天游人如织，景色令人沉醉。在唐宋时期，这个西湖面积达700多亩，是现在西湖规模的十倍左右，这里风景秀丽，历代文人为它留下了许多优美的文字。然而随着历史的变迁，西湖水面不断遭到蚕食，留给我们的是人与自然如何和谐相处的思考。</p>\n\n<p><strong>　　唐李渤开发了西湖风景片区</strong></p>\n\n<p>　　桂林西湖这一片风景的开发，与唐代一位官员的努力分不开。唐宝历元年(825年)，52岁的李渤被贬，当年二月来到桂林任桂管观察使。李渤为人忠直、刚正不阿，所以他到任桂林的两年时间里也做了不少好事，最为人所称道的是设立了常平仓来储备粮食防灾害，疏浚了灵渠以便利中原和岭南的交通以及周边农田的灌溉，开发隐山和南溪山景区，增加了桂林山水游赏的新去处。其中隐山风景区的开发，更使西湖揭开了她的面纱，让人们发现原来桂林也有一个如此美丽的湖。</p>\n\n<p>　　早在唐代以前，七星山、独秀峰、虞山等这些地方早已成为人们游玩桂林山水的名胜，但隐山和南溪山却一直默默无闻。李渤从政之余喜欢带领随从在桂林周边到处走走，他发现桂林的周边也有美景深藏，只是不便于登临欣赏，于是刚到桂林的第二个月，就&ldquo;发潜敞深，蹬危宅胜&rdquo;，建亭台种松竹，开发了南溪山(南溪这名字还是他自己起的)。随后第六个月便开发了隐山，这一过程在他的副使吴武陵的《新开隐山记》和同事韦宗卿的《隐山六洞记》中有着很清楚的介绍。能发现前人所未发现的美景，而且还能为后人开辟欣赏的便利，这可能是游山玩水的更高境界了吧。</p>\n\n<p>　　隐山在当时桂州城西约三里的地方，原来是一座四面环水，草木葱郁的小山。李渤和下属们发现这座小山上到处有洞，洞中&ldquo;水石清拔，悠然有真趣&rdquo;，这引起了李渤很大的兴趣，于是组织民工在山上建造了亭台，种植花木，给山、泉、溪、潭都分别取了名字，还给隐山的六个洞分别取了名字并刻在洞口上。隐山旁有一个大湖，经过李渤的开发后，当时的隐山有如蓬莱仙境，这一个大湖也吸引人们纷纷前来泛舟，成为又一处旅游胜地。</p>\n\n<p>　　另外值得一提的是，桂林在唐时也开始了它的开发，唐武德四年(621年)，李靖出任桂州总管，便着手营建桂州城。他选取漓江西岸作为筑城的中心，大约在今天的解放东路和正阳路的交叉处。这时的桂州城又叫子城或衙城，是官署衙门的所在地。这一官署所在地的面积比如今的靖江王城还稍小，但是李靖对子城的兴建，奠定了唐代桂州城的基础。</p>\n\n<p>　　其后，随着人口的增长和桂州政治、经济地位的日益提升，公元847年，桂州刺史蔡袭在子城的基础上增筑外城，其范围大致在东到漓江沿岸的滨江路，南到现在的漓江大瀑布饭店，西到中山中路，北到独秀峰北面，外城里住的主要是居民。公元885年，都督陈可环在子城的西北方开辟了一座&ldquo;夹城&rdquo;作为商业区，夹城的中心区在现在的中华路一带。这前后三次的桂州城营建历时200多年，使得桂州城成为当时岭南的一座大城市。</p>\n\n<p><strong>　　朝宗渠的兴废是导致西湖变化的主因</strong></p>\n\n<p>　　到了宋代，西湖经历了一番波折。北宋末年，湖渠堵塞，人们围湖垦田，导致西湖水位下降，水域面积大为缩小。南宋鲍同《复西湖记》记载：&ldquo;按吴武陵《隐山记》、韦宗卿《六洞记》皆述溪潭可方泳，然岁久，废为田，尚可考者特一潭二池。池有芰荷，广不逾寻丈，余尽耕稼之垅矣。&rdquo;南宋乾道二年(1166年)，广南西路经略安抚使张维寻访西湖，发现这一带都变成了公田，&ldquo;仅一线之流注入阳江(桃花江)&rdquo;，甚为感慨。他下决心重振西湖的风姿，组织人力清理淤积，疏浚湖道，修筑斗门，恢复了旧观。然后广种荷花，又在湖岸筑起亭阁，西湖昔日的风姿得以重现。鲍同《复西湖记》记载这一经过后赞叹说这时的西湖&ldquo;胜概为一郡甲&rdquo;，&ldquo;江浙虽称，亦未能过焉&rdquo;，认为比杭州的西湖还要美。</p>\n\n<p>　　宋代时开凿了朝宗渠，引漓江水进入西湖，成为西湖的重要水源之一。后来朝宗渠淤塞，1174年，范成大重开朝宗渠，西湖水面扩大至700余亩，换算起来有46万平方米。我们今天两江四湖中四湖的水面面积总共是38万平方米，而西湖的水面比四湖的水面加起来还要大，可以想见当时的西湖有多大。周去非在《岭外代答》中记录了南宋时期这一环城水系：朝宗渠引漓江水注入西湖，再流向城南，最后在城东回到漓江，形成了一个流动的环城水系。范成大本人也多次到西湖游赏，称赞西湖&ldquo;荷花时有泛舟故事，胜赏甲于东南&rdquo;。后来朝宗渠又淤塞，方信孺在嘉定年间再次修筑，西湖才又重现生机。</p>\n\n<p>　　从这里也可以看出，朝宗渠的兴废是导致了西湖变化的重要原因，一旦连接漓江的朝宗渠被堵上，西湖将会水质下降，范围缩小。宋末元初，元将阿里海牙率兵攻打桂州城，遭到顽强抵抗，遂下令将漓江、阳江(桃花江)、朝宗渠全部塞断或改道，攻下桂州城后也没有采取积极措施去清理河道，造成朝宗渠断流，变成陆地。西湖缺少了重要的水源，日渐缩小。地方豪强也趁机筑坝围田，据为己有，往日七百亩湖面的盛况不再。元至元元年(1335年)，郭思诚《新开西湖记》记载有对西湖的又一次治理，基本恢复原貌，但这已是回光返照之举，自此之后又有人逐年修堰排水，辟为耕地。</p>\n\n<p>　　而这一时期的桂林城在日渐地扩大着。宋代桂州城从一个岭南的郡县小城跃升为广西会府，为了加强军事守备，桂州城得到了大规模的修筑。广西安抚使余靖从1054年开始用了三年半来修筑桂州城，之后李浩、詹仪之、朱希颜、李曾伯等人又对桂州城进行了四次大规模的修筑。在城北鹦鹉山上的一幅《静江府城池图》，就记载了李曾伯修筑桂州城之后的风貌。从这张图上，我们可以看出当时桂林城的范围从东沿着漓江西岸，北到鹦鹉山，西到丽泽桥，南到古南门这一带，相对于唐时已经有了很大的变化。而随着政治地位的提升，经济文化的发展，桂林也成为祖国西南地区繁盛的&ldquo;都会之府&rdquo;。</p>\n\n<p><strong>　　如今西湖面积是当初的十分之一</strong></p>\n\n<p>　　明代初期，西湖已无可挽回地面积日减，废为陆地。明嘉靖年间，西湖淤积严重，有的地方荒废成稻田，有的地方变成了藕池。张鸣凤写于明万历十七年(1589年)的《桂胜》记载：&ldquo;(西湖)今悉为田，仅余一线水，出注阳江(桃花江)。&rdquo;</p>\n\n<p>　　西湖的衰颓也影响到了周围的景致。如著名的桂林八景西山&ldquo;西峰夕照&rdquo;，西湖成为田后，游人日少，山上建筑逐渐失修或遭破坏，西山渐渐冷清，张鸣凤眼中的西山已是&ldquo;楼阁尘销，文字露立，鸟鸣荒冢，草蔓石阶&rdquo;。文学家俞安期游隐山六洞，也说&ldquo;在昔诸洞，得水增观。西湖既陆，洞壑亦枯&rdquo;。徐霞客在1637年来到桂林，本想考察一下桂林西湖，却发现再也不见前人所说的西湖美景了，只好在日记里写下&ldquo;今则西江南下，湖变成田，沧桑之感有余，荡漾之观不足矣&rdquo;的文字。</p>\n\n<p>　　到了清代，西湖昔日七百亩波光潋滟的湖面已变成蛙鸣不已的良田一片，清人黄之隽《游隐山记》写道：&ldquo;洞外夷旷，可眺稻畦数百亩，周护隐山。噫，此即唐李渤所辟之西湖也。&rdquo;两广总督阮元也在《隐山铭》中发出&ldquo;何人能复西湖之旧&rdquo;的慨叹。</p>\n\n<p>　　民国时期，修筑湘桂铁路，把仅剩的一点西湖湖面东西一分为二，昔日的阳江源口潜洞山也被轰成了小山坡。抗战时期，修筑西山公路，又把剩下的西湖南北一分为二，分割成小块的西湖有的被填成了陆地，剩下的就成了现在所见到的面积只有70余亩的西湖。</p>\n\n<p>　　曾经有一句话叫做&ldquo;天下西湖三十六，就中最大是桂林&rdquo;，但俱往矣，如今西湖栖身于西山之下，她的娇小使西山公园映衬出更加秀美的景致。桂林西湖的变迁是一段沧桑的历史，纵观西湖变迁的原因，不难发现人为的因素占了主要部分，这也为我们如何解决城市发展中的人地矛盾提供了借鉴。也许，这就是桂林西湖带给我们的意义吧。</p>\n\n<p>&nbsp;</p>\n','00001.jpg','Day 1 : 杭州——西湖、西溪湿地  Day 2 : 苏州——苏州园林、寒山寺、夜游山塘  Day 3 : 上海——东方明珠、外滩、城隍庙  Day 4 :  千岛湖'),(26,'非洲雨林','<p style=\"text-align:center\"><img alt=\"\" src=\"http://localhost/a6fcfc7550dc44efb62e35159b57c16b_00002.jpg\" style=\"height:300px; width:400px\" />&nbsp; &nbsp; &nbsp; &nbsp;</p>\n\n<p style=\"text-align:center\">埃及金字塔（Pyramids）建于4500年前，是古埃及法老（国王）和王后的陵墓。陵墓是用巨大石块修砌成的方锥形建筑，陵墓基座为正方形，四面则是四个相等的三角形（即方锥体），侧影类似汉字的&ldquo;金&rdquo;字，故汉语称为金字塔。埃及迄今已发现大大小小的金字塔110多座，大多建于埃及古王朝时期。埃及金字塔是至今最大的建筑群之一，成为了古埃及文明最有影响力和持久的象徵之一，这些金字塔大部份建造于埃及古王国和中王国时期。古代埃及人对神的虔诚信仰，使其很早就形成了一个根深蒂固的&ldquo;来世观念&rdquo;，他们甚至认为&ldquo;人生只不过是一个短暂的居留，而死后才是永久的享受&rdquo;。因而，埃及人把冥世看做是尘世生活的延续。受这种&ldquo;来世观念&rdquo;的影响，古埃及人活着的时候，就诚心备至、充满信心地为死后做准备。每一个有钱的埃及人都要忙着为自己准备坟墓，并用各种物品去装饰坟墓，以求死后获得永生。法老或贵族会花费几年，甚至几十年的时间去建造坟墓，最&hellip;&hellip;<a href=\"http://www.bytravel.cn/Landscape/22/jinzita.html\">[详细]</a></p>\n\n<p>2、<a href=\"http://www.bytravel.cn/Landscape/17/diqiudeshangba--dongfeidaliegu.html\" target=\"_blank\">东非大裂谷</a></p>\n\n<p>推荐2</p>\n\n<p style=\"text-align:center\"><a href=\"http://www.bytravel.cn/Landscape/17/diqiudeshangba--dongfeidaliegu.html\" target=\"_blank\"><img alt=\"东非大裂谷\" src=\"http://h2.bytravel.cn/www/17/head/17201.gif\" /></a></p>\n\n<p>　　东非大裂谷是地球上最长的裂谷带，总长6400公里，平均宽度为48?65公里，最宽处达200公里以上，在裂谷断层的深处形成众多的湖泊。裂谷两侧悬崖绝壁宛如鬼斧神刀劈成一般。大裂谷绵延不绝，深不见底，沿途湖光山色交汇成趣，其景致为世上绝无仅有。东非大裂谷北起西亚的死海??约旦河谷地，南出亚喀巴湾经红海，由东北向西南纵贯埃塞俄比亚高原中部。抵达埃塞俄比亚南端的阿巴亚湖后，大裂谷分成东西两支继续向南延伸。东支裂谷为主裂谷，它经肯尼亚北端的图尔卡纳湖向南纵贯肯尼亚高地，过马尼亚拉湖向西南延伸至坦桑尼亚南端的马拉维湖。西支裂谷出阿巴亚湖后，经蒙博托湖、爱德华湖、基伍湖、坦噶尼喀湖、鲁夸湖，呈弧形入马拉维湖。至此，一度分开的大裂谷又重归一处，并继续向南延伸，经希雷河达赞比亚河河口入印度洋消失。东非裂谷带地形复杂，千姿百态。有时高峰矗立，层峦叠嶂；有时峡谷含幽，湖光秀美。裂谷带火山林立，多姿多彩。在众多的&hellip;&hellip;<a href=\"http://www.bytravel.cn/Landscape/17/diqiudeshangba--dongfeidaliegu.html\">[详细]</a></p>\n\n<p>3、<a href=\"http://www.bytravel.cn/Landscape/22/jieneigucheng.html\" target=\"_blank\">杰内古城</a></p>\n\n<p>推荐3</p>\n\n<p style=\"text-align:center\"><a href=\"http://www.bytravel.cn/Landscape/22/jieneigucheng.html\" target=\"_blank\"><img alt=\"杰内古城\" src=\"http://h2.bytravel.cn/www/22/head/21894.gif\" /></a></p>\n\n<p>　　被世人美喻为&ldquo;尼日尔河谷的宝石&rdquo;的杰内古城，位于马里中部尼日尔河内三角洲最南端，以独特的撒哈拉&mdash;&mdash;苏丹建筑风格以及摩尔式建筑和灿烂的伊斯兰文化而驰名世界。杰内古城建立于公元800年，毗邻撒哈拉和多雨的苏丹地区，位于游牧地区和固定居住区的切换点上。它建造在尼日尔河流域一个防御性的小岛上，从河边到有贸易往来的游牧人城镇廷巴克图只有500公里。城内的古建筑约有2000座，都被完好地保存下来。为适应季节性洪水，房屋建在了小丘之上。碧绿的巴尼河缓缓流过这座历史古城的市区。市内沟渠纵横，小桥卧波，流水潺潺，各式建筑掩映在高大挺拔、郁郁葱葱的芒果树丛中，还有茁壮的棕榈树、香蕉果，鲜花繁茂，芳草如茵。王侯宅第、清真寺院、学者陵墓等各种建筑展现出一派热带水乡泽国的城市景象。杰内古城是前伊斯兰教文化在尼日尔河内三角洲发展的杰出典范，整个杰内古城是一段辉煌历史时期的展现。杰内古城以光辉灿烂的伊斯兰文化和盛极一时&hellip;&hellip;<a href=\"http://www.bytravel.cn/Landscape/22/jieneigucheng.html\">[详细]</a></p>\n\n<p>4、<a href=\"http://www.bytravel.cn/Landscape/17/engeluoengeluoziranbaohuqu.html\" target=\"_blank\">恩戈罗恩戈罗自然保护区</a></p>\n\n<p>推荐4</p>\n\n<p style=\"text-align:center\"><a href=\"http://www.bytravel.cn/Landscape/17/engeluoengeluoziranbaohuqu.html\" target=\"_blank\"><img alt=\"恩戈罗恩戈罗自然保护区\" src=\"http://h2.bytravel.cn/www/17/head/17230.gif\" /></a></p>\n\n<p>　　景点介绍 在巨大的恩戈罗恩戈罗火山口内是野生动物的聚集地，有大量的大型哺乳物。在附近的奥杜瓦伊峡谷，曾经出土早期人类的化石，以及人类生活的足迹。坦桑尼亚政府为了保护这里的野生动物，曾经投入大量的人力和物力。 恩戈罗恩戈罗自然保护区位于坦桑尼亚共和国北部。1979年被列入世界遗产名录。保护区是一片辽阔的高原火山区，西接塞伦盖蒂国家公园，东连马尼亚腊湖国家公园，占地80,944平方公里。该地区于1957年在行政上从塞伦盖蒂国家公园的范围内划出，成为独立的自然保护区。区内有闻名遐迩的恩戈罗恩戈罗火山口、奥杜瓦伊峡谷和已成深湖的恩帕卡艾火山口。 每年五六月间，庞大的斑马群和花斑牛羚群汇聚在塞伦盖蒂高原，六七匹一排横立，准备开始行程500公里的向西迁徙。恩戈罗恩戈罗自然保护区的这一壮观景象举世罕见。 恩戈罗恩戈罗火山口是世界上最完整的火山口，海拔2286米。800万年前恩戈罗恩戈罗曾是一座活火山&hellip;&hellip;<a href=\"http://www.bytravel.cn/Landscape/17/engeluoengeluoziranbaohuqu.html\">[详细]</a></p>\n\n<p>5、<a href=\"http://www.bytravel.cn/Landscape/43/salongjiaguojiagongyuan.html\" target=\"_blank\">萨隆加国家公园</a></p>\n\n<p>推荐5</p>\n\n<p><a href=\"http://www.bytravel.cn/Landscape/43/salongjiaguojiagongyuan.html\" target=\"_blank\"><img alt=\"萨隆加国家公园\" src=\"http://h2.bytravel.cn/www/43/head/43032.gif\" /></a></p>\n\n<p>　　萨隆加国家公园，位于扎伊尔自然保护区，地处非洲中部平原，面积广达3.6万平方公里。海拔200-500米。属热带雨林区。1970年为保护赤道森林环境建立，是世界最大的森林公园之一。分南、北两大片，管理处设在蒙科托。境内动植物种类繁多，特产矮黑猩猩。萨隆加国家公园的大部分地区覆盖着赤道森林，随地形的不同植被构成也会有所变化。森林主要生长在沼泽、河边和干地上。河间的土地上生长的几乎全是半落叶林，河岸上则是一些早生或成长期短的植物。北部地区是茂密的草地（而非稀树大草原），占公园整个面积的0.5%。目前对萨隆加国家公园的植被构成研究甚少。迄今为止，对于公园的动物构成也没有系统地调查过，但可以肯定这里有大多数森林动物物种。报道过的萨隆加国家公园里的动物中，非洲小人猿可是个响当当的&ldquo;人物&rdquo;。它是扎伊尔特有的动物，但现已在公园北部地区绝迹，有消息说南部地区或许还有。其它动物包括疣猴、褐色长尾猴、长尾穿山甲&hellip;&hellip;<a href=\"http://www.bytravel.cn/Landscape/43/salongjiaguojiagongyuan.html\">[详细]</a></p>\n','00002.jpg','Day1：摩洛哥晚私家团·Day2：蓝色之城舍夫沙万Day3：撒哈拉沙漠 Day4：三大皇城古都 Day5：千年古罗马遗迹 Day6：涂鸦艺术小镇'),(27,'埃利岛屿','<p style=\"text-align:center\"><img alt=\"\" src=\"http://localhost/60a6262c1c984e46a68eca37da926e7e_00003.jpg\" style=\"height:300px; width:400px\" /></p>\n\n<p style=\"text-align:center\">马尔代夫的岛屿有1000多个，开发成旅游岛的也有100多个，如果从这100多个岛屿中选择出自己喜欢的岛，是个很麻烦很纠结的事情。在这里，我会列出以下选岛的方法来供大家参考参考的。<br />\n　　1.时间选择<br />\n　　淡旺季划分在很多游记中都有所提及。一般来说，每年的5-7月价格为全年最低，8-10月为雨季后期，价格略有上涨；11-4月算是旺季，可1月中旬至4月下旬的价格并没那么吓人，稍有下降的，最高价只出现在圣诞节前后。<br />\n<img alt=\"\" src=\"http://localhost/fd03226e63bd4de7a50591034763d21b_1.jpg\" style=\"height:263px; width:400px\" /></p>\n\n<p style=\"text-align:center\">　　2.浮潜等级<br />\n　　去了马尔代夫，浮潜是肯定要去，看看水下的珊瑚，鱼，那可是非常享受的事情呢。马尔代夫的浮潜等级大致的可以分成三种：A级，B级和C级。A级浮潜是最好的，水下的珊瑚和鱼都是很多的。<br />\n　　下面就来一张水下的照片<br />\n<img alt=\"\" src=\"http://localhost/14b33dfa28404926993183ac1363ff51_2.jpg\" style=\"height:335px; width:481px\" /></p>\n\n<p style=\"text-align:center\">　　3.上岛交通<br />\n　　马尔代夫的海上交通工具主要分为三种：快艇，水上飞机（水飞），内陆飞机（内飞）。<br />\n　　快艇，主要是一些距离马累岛比较近的酒店所选择的上岛方式，这个的优点就是24小时都有的，对于上岛时间没有任何限制。<br />\n&nbsp; &nbsp; &nbsp; &nbsp; &nbsp; &nbsp; &nbsp; &nbsp; &nbsp; &nbsp; &nbsp; &nbsp; &nbsp; &nbsp; &nbsp; &nbsp; &nbsp; &nbsp; &nbsp; &nbsp; &nbsp; &nbsp; &nbsp; &nbsp; &nbsp; &nbsp; &nbsp; &nbsp; &nbsp; &nbsp; &nbsp; &nbsp; &nbsp; &nbsp; &nbsp; &nbsp; &nbsp; &nbsp; &nbsp; &nbsp;<img alt=\"\" src=\"http://localhost/db83d1dd9ec64ea59ae03393cc2a1c2d_3.jpg\" style=\"height:248px; width:400px\" /> &nbsp; &nbsp; &nbsp; &nbsp; &nbsp; &nbsp; &nbsp; &nbsp; &nbsp; &nbsp; &nbsp; &nbsp; &nbsp; &nbsp; &nbsp; &nbsp; &nbsp; &nbsp; &nbsp; &nbsp; &nbsp; &nbsp; &nbsp; &nbsp; &nbsp; &nbsp; &nbsp; &nbsp; &nbsp; &nbsp; &nbsp; &nbsp; &nbsp; &nbsp; &nbsp; &nbsp; &nbsp; &nbsp; &nbsp;&nbsp;<br />\n　　水飞，这个是一些距离马累岛比较远的酒店的上岛方式，水飞的话，就是飞行比较低，可以从较好的视角俯瞰岛马代的绚丽景色。但是水飞有一点就是噪音比较大，一般搭乘水飞的都是会准备个耳塞，而且水飞时间最好是半个小时左右，不然再好的景色，在噪音和颠簸下都会荡然失色。<br />\n<br />\n　　内飞，内飞的岛屿一般都是哪些距离马累很远的岛。内飞相较于水飞来说。飞的更高。整个乘坐空间都是封闭的，噪音也比较小。内飞的话，时间一般都是在1个小时左右的。<br />\n　　</p>\n','00003.jpg','Day1：幸福岛，Day2：蓝色美人蕉，Day3班多士岛'),(28,'巴黎埃菲尔铁塔','<p style=\"text-align:center\"><img alt=\"\" src=\"http://localhost/702be35d5f7149a786c12b5aa59023a8_00004.jpg\" style=\"height:382px; width:400px\" /></p>\n\n<p>埃菲尔铁塔（<a href=\"https://baike.so.com/doc/3757364.html\" target=\"_blank\">法语</a>：La Tour Eiffel；英语：Eiffel Tower）矗立在法国巴黎的<a href=\"https://baike.so.com/doc/6145504.html\" target=\"_blank\">战神广场</a>，是世界著名建筑，也是法国文化象征之一，巴黎城市地标之一，也是巴黎最高建筑物，高300米，天线高24米，总高324米，于1889年建成，得名于设计它的著名建筑师、结构工程师古斯塔夫&middot;埃菲尔。 铁塔设计新颖独特，是世界建筑史上的技术杰作，是法国巴黎的重要景点和突出标志。&nbsp;</p>\n\n<p>1889年5月15日，为给<a href=\"https://baike.so.com/doc/734415.html\" target=\"_blank\">世界博览会</a>开幕典礼剪彩，铁塔的设计师<a href=\"https://baike.so.com/doc/5585206.html\" target=\"_blank\">古斯塔夫&middot;埃菲尔</a>亲手将法国国旗升上铁塔的300米高空，由此，人们为了纪念他对法国和巴黎的这一贡献，特别还在塔下为他塑造了一座半身铜像。</p>\n\n<p>因为法国<a href=\"https://baike.so.com/doc/263023-278432.html\" target=\"_blank\">巴黎</a>是浪漫之都，建筑物也都是低矮而且富有情调的，但是在市中心突然耸立起这个丑陋的、突兀的钢铁庞然大物，让巴黎市民很气愤，曾多次想拆除埃菲尔铁塔，认为它是影响巴黎市容，是巴黎最糟糕、最失败的建筑物，而现在却成了法国甚至是全世界最吸金的建筑地标，2011年约有698万人参观，在2010年累计参观人数已超过二亿五千万人，每年为巴黎带来15亿欧元的旅游收入。巴黎人民也接受了它，并把埃菲尔铁塔当做法国的象征。</p>\n\n<p>埃菲尔铁塔经历了百年风雨，但在经过上世纪80年代初的大修之后风采依旧，巍然屹立在<a href=\"https://baike.so.com/doc/5336385.html\" target=\"_blank\">塞纳河</a>畔。它是全体法国人民的骄傲，也是世界的骄傲。</p>\n\n<p>​1880年法国刚刚摆脱<a href=\"https://baike.so.com/doc/1915184-2026308.html\" target=\"_blank\">普法战争</a>中的耻辱，为了显示国力，1889年5月5日至11月6日，法国巴黎将再次举办世博会，主体是庆祝<a href=\"https://baike.so.com/doc/5352032-5587490.html\" target=\"_blank\">法国大革命</a>胜利100周年。1886年5月，法国政府决定在巴黎战神广场设计一座高塔。条件有二个：高塔能吸引参观者买票参观；世博会后能轻易拆除。</p>\n\n<h2><strong>历史沿革</strong></h2>\n\n<p><a href=\"https://p1.ssl.qhmsg.com/t01d8c7ca5547161fa1.png\"><img id=\"img_10882804\" src=\"https://p1.ssl.qhmsg.com/dr/220__/t01d8c7ca5547161fa1.png\" /></a></p>\n\n<p>1886年11月，法国贸易部长批准了埃菲尔团队的最后建塔方案。</p>\n\n<p>1887年1月26日，埃菲尔铁塔正式开工。</p>\n\n<p>1887年2月24日，巴黎的文学艺术和建筑界参与抗议，其中包括法国作家<a href=\"https://baike.so.com/doc/10569458-11094811.html\" target=\"_blank\">莫泊桑</a>，这份《反对修建巴黎铁塔》的抗议书，总共有300多著名人士签名。</p>\n\n<p>1889年3月31日，埃菲尔铁塔主建筑修建完工。埃菲尔铁塔成了当年世博会最经典的建筑</p>\n\n<p>1989年3月31日，埃菲尔铁塔整整100岁。</p>\n\n<p>2004年1月16日，为申办2012年夏季奥运会，巴黎市政府特意选择在埃菲尔铁塔上介绍他们为申奥的各项准备。<a href=\"https://baike.so.com/doc/3011131-3175372.html#refff_3011131-3175372-1\" name=\"refer_3011131-3175372-5261273\">[1]</a></p>\n\n<p>2018年4月14日，因安保人员罢工，埃菲尔铁塔无限期关闭。<a href=\"https://baike.so.com/doc/3011131-3175372.html#refff_3011131-3175372-3\" name=\"refer_3011131-3175372-14845784\">[3]</a></p>\n\n<h2><strong>建筑设计</strong></h2>\n\n<h3><strong>结构体系</strong></h3>\n\n<p><a href=\"https://p1.ssl.qhmsg.com/t0159cae4519afd457c.png\"><img id=\"img_10882805\" src=\"https://p1.ssl.qhmsg.com/dr/220__/t0159cae4519afd457c.png\" /></a></p>\n\n<p>埃菲尔铁塔的结构体系既直观又简洁：底部是分布在每边128m长底座上的4个巨型倾斜柱墩，倾角54&deg;，由57.63m高度处的第一层平台联系支承；第一层平台和115.73m高度处的第二层平台之间是4个微曲的立柱 ；再向上4个立柱转化为几乎垂直的、刚度很大的方尖塔，其间在276.13m高度处设有第三层平台；在300.65m高度处是塔顶平台，布置有电视天线。铁塔总重10000t，承担这些重量的是4个坚固的直伸至下卧持力土层的沉箱基础。在1884年6月的时候，埃菲尔设计事务所的两位主要工程师EmileNouguier和MauriceKoechlin就有了设计一座超高塔的思想。初步的设计像一个巨大的塔架，有四个由格构梁架构成的支腿，分立支撑在基础上并在塔顶收在一起，其间布置等间距横梁联系。为了更加合意公众的评价，Nouguier和Koechlin邀请建筑师StephenSauvestre对结构的表现形式作进一步处理。Sauvestre提议用石砌台座整饰塔脚，用具有纪念性的拱结构连接四个塔柱与第一层平台，每层平台设大型玻璃墙大厅，顶部采用球状造型等装饰手法来亮化结构。在其后的设计中工程师们进行了进一步的完善，像巨型拱之类的一些设计思想得到保留，并给铁塔以极富性格的表现。另外，横梁的设置得到简化并与塔柱优化以后的线形相协调，使铁塔结构受力更加简捷，形式更加优美，高扬的动势更加强烈。</p>\n\n<p>第一平台底部4个连接倾斜柱墩的大拱起初是为装饰用的，有人认为这4个拱破坏了塔结构的直线性、简洁性和&ldquo;诚实&rdquo;性，也损害了塔身的美观，但事实上这个&ldquo;伪拱&rdquo;已被公认为塔身外形的一个基本组成部分。如果说是横梁将四个塔柱简单联系在一起，那么，巨型拱的设置则把塔柱统一到铁塔这一整体中来。而且装饰拱的曲线线形与塔柱的曲线线形也很协调。从图上也可以看出，部斜塔柱与水平横梁的装饰拱也具有一定的结构功能，虽然拱不承担塔柱向下传递的竖向荷载，但却使塔柱与横梁的连接加强，并使<a href=\"https://baike.so.com/doc/688535-728764.html\" target=\"_blank\">水平荷载</a>作用下横梁与斜塔柱间的力流更加顺畅。从铁塔的初步设想图中可以看出，下横梁和塔柱的联结也表现出接头处曲线过渡的想法，只是在建筑师的建议下，通过不断的优化，使结构表现的更加充分，整体形式更加统一。</p>\n\n<h3><strong>建筑大师</strong></h3>\n\n<p><a href=\"https://p1.ssl.qhmsg.com/t0198563da11a0447bf.png\"><img alt=\"古斯塔夫·埃菲尔\" id=\"img_10882806\" src=\"https://p1.ssl.qhmsg.com/dr/220__/t0198563da11a0447bf.png\" title=\"古斯塔夫·埃菲尔\" /></a></p>\n\n<p>埃菲尔铁塔是由<a href=\"https://baike.so.com/doc/5585206-5797800.html\" target=\"_blank\">古斯塔夫&middot;埃菲尔</a>设计的，<a href=\"https://baike.so.com/doc/5585206-5797800.html\" target=\"_blank\">古斯塔夫&middot;埃菲尔</a>出生于1832年<a href=\"https://p1.ssl.qhmsg.com/t0198563da11a0447bf.png\">古斯塔夫&middot;埃菲尔</a>法国东部的第戎城。20岁以优异的成绩考上了培养工程师的法国国立工艺学院。在那里他租用了单身宿舍，经常挤在桌子和火炉中间通宵达旦埋头读书。不久，他以良好的成绩领到了工程师的毕业文凭。毕业后，<a href=\"https://baike.so.com/doc/5582366-5795270.html\" target=\"_blank\">埃菲尔</a>经朋友介绍进入西部铁路局研究室任工程师。从此，埃菲尔踏上了一个建筑结构工程师的工作道路，为人类的进步与文明贡献自己的杰出才华。</p>\n\n<p>1860年，埃菲尔完成了当时法国著名的波尔多大桥工程，将长达500米的钢铁构件，架设在跨越吉隆河中的6个桥墩上。这项巨大工程的完成，使埃菲尔在整个工程界的名声大振。埃菲尔肯钻研，敢革新，大胆使用钢材和混凝土，使土木建筑从&ldquo;土&rdquo;和&ldquo;木&rdquo;中解脱出来。他为设计铁塔付出了巨大的劳动，仅设计图纸就有5000多张。这些宝贵的资料，作为埃菲尔劳动的结晶，至今仍被人们妥善地保存在巴黎。</p>\n\n<h2><strong>建筑用材</strong></h2>\n\n<p>埃菲尔铁塔高300米，天线高24米，相当于100层楼高，铁塔是由很多分散的钢铁构件组成的&mdash;&mdash;看起来就像一堆模型的组件。钢铁构件有18038个，重达10000吨，施工时共钻孔700万个，使用铆钉250万个。除了四个脚是用钢筋水泥之外，全身都用钢铁构成，塔身总重量7000吨。每隔7年油漆一次，每次用漆52吨。塔分三楼，分别在离地面57.6米、115.7米和276.1米处，其中一、二楼设有餐厅，第三楼建有观景台，从塔座到塔顶共有1711级阶梯，共用去钢铁7000吨，12000个金属部件，259万只铆钉。</p>\n\n<h2><strong>内部结构</strong></h2>\n\n<p>法国人说，埃菲尔铁塔是&ldquo;首都的瞭望台&rdquo;，事实的确如此。它设有上、中、下三个瞭望台，可同时容纳上万人，三个瞭望台各有不同的视野，也带来不同的情趣。一个世纪以来，每年大约有300万人登临塔顶，俯瞰巴黎市容，叹为观止。</p>\n\n<p><a href=\"https://p1.ssl.qhmsg.com/t01796b04699360c26a.png\"><img alt=\"第一层\" id=\"img_10882807\" src=\"https://p1.ssl.qhmsg.com/dr/220__/t01796b04699360c26a.png\" title=\"第一层\" /></a></p>\n\n<p>最高层瞭望台离地面274米，若沿1652级阶梯而上，差不多要一个小时，<a href=\"https://p1.ssl.qhmsg.com/t01796b04699360c26a.png\">第一层</a>当然也可采电梯登高。这里最宜远望，它会使人们产生这样一种感觉：嘈杂的巴黎忽然静了下来，变成一幅巨大的地图，条条大道条条小巷划出无数根宽窄不同的线。全巴黎尽在脚下，当白天视野清晰时，极目可望60公里开外。</p>\n\n<p>中层瞭望台离地面115米。有人说，从这一层向外张望可以看到最佳景色。的确，淡黄色的<a href=\"https://baike.so.com/doc/1408017-1489321.html\" target=\"_blank\">凯旋门</a>城楼、绿荫中的<a href=\"https://baike.so.com/doc/5124965-5354194.html\" target=\"_blank\">卢浮宫</a>、白色的蒙马圣心教堂都清晰可见，色彩斑斓。傍晚登塔，则见夜色如画，繁灯似锦，翠映林荫，那些交织如网的街灯，真如雨后珠网，粒粒晶莹。这一层还有一个装潢考究的全景餐厅，终年都是顾客盈门，座位必须提前预订才行。</p>\n\n<p>最下层瞭望台面积最大，相当宽敞，设有会议厅、电影厅、餐厅、商店和邮局等各种服务设施。在穿梭往来的人群中，好像置身于闹市，而忘记这毕竟是57米的高空。从这里观赏近景最为理想。北面的夏洛宫及其水花飞溅的喷水池、塔脚下静静流过的塞纳河水、南面战神校场的大草坪和法兰西军校的古老建筑，构成了一幅令人难忘的风景画。</p>\n\n<h2><strong>建筑历程</strong></h2>\n\n<h3><strong>建造契机</strong></h3>\n\n<p>1889年正值法国大革命爆发100周年，法国人希望借举办<a href=\"https://baike.so.com/doc/734415-777502.html\" target=\"_blank\">世博会</a>之机留给世人深刻的印象，尤其是1851年伦敦举办<a href=\"https://baike.so.com/doc/734415-777502.html\" target=\"_blank\">万国博览会</a>取得了空前的成功之后，巴黎更是不甘落后。法国人一直想建造一个超过英国&ldquo;<a href=\"https://baike.so.com/doc/5429745-7569611.html\" target=\"_blank\">水晶宫</a>&rdquo;的博览会建筑，于1886年开始举行设计竞赛征集方案，其宗旨为&ldquo;创作一件能象征19世纪技术成果的作品&rdquo;。</p>\n\n<h3><strong>构想形成</strong></h3>\n\n<p><a href=\"https://p1.ssl.qhmsg.com/t0103f109208518b2c8.png\"><img alt=\"埃菲尔铁塔\" id=\"img_10882808\" src=\"https://p1.ssl.qhmsg.com/dr/220__/t0103f109208518b2c8.png\" title=\"埃菲尔铁塔\" /></a></p>\n\n<p><a href=\"https://p1.ssl.qhmsg.com/t0103f109208518b2c8.png\">埃菲尔铁塔</a>1885年，法国官方开始计划于1889年举行一个大博览会（Great Exposition），用以庆祝法国革命胜利100周年。他们希望建造一个可以代表法国荣誉的纪念碑。</p>\n\n<p>当时，石制的<a href=\"https://baike.so.com/doc/6479119-6692822.html\" target=\"_blank\">华盛顿纪念碑</a>刚刚完工。这座高达557英尺的纪念碑，成为了当时世界上最高的建筑。而法国人希望超越这一纪录，在巴黎市中心建造一个1000英尺的高塔。需要做的就是找到这个塔的设计和建筑师。</p>\n\n<h3>&nbsp;</h3>\n','00004.jpg','Day1：夏约宫(Palais de Chaillot)的大露台是观看铁塔的最佳点(搭乘地铁M6和M9到Trocadero站)，下午到日落时为佳。塞纳河边的Avenue de New York也是拍摄观赏铁塔的不错选择。'),(29,'云南小树林','<p style=\"text-align:center\"><img alt=\"\" src=\"http://localhost/bfd32dbb98d34f9699ae1e12225bf5ab_00005.jpg\" style=\"height:225px; width:400px\" /></p>\n\n<p style=\"text-align:center\">云南冬天的树林<br />\n　　在冬天，云南的树一片苍绿。无论是<a href=\"http://www.so.com/s?q=%E5%8F%B6%E5%AD%90&amp;ie=utf-8&amp;src=internal_wenda_recommend_textn\" target=\"_blank\">叶子</a>阔大的树，还是叶子尖细的树，抑或叶子修长的树，都是绿的，只是由于<a href=\"http://www.so.com/s?q=%E6%B0%94%E6%B8%A9&amp;ie=utf-8&amp;src=internal_wenda_recommend_textn\" target=\"_blank\">气温</a>不同，所以绿色有深有浅，有轻有重。从云南群山的某一座山峰往下望去，只见一片葱茏，这时已是12月底，一点冷落的迹象也没有，偶尔的有些<a href=\"http://www.so.com/s?q=%E7%BA%A2%E5%8F%B6&amp;ie=utf-8&amp;src=internal_wenda_recommend_textn\" target=\"_blank\">红叶</a>、<a href=\"http://www.so.com/s?q=%E9%BB%84%E5%8F%B6&amp;ie=utf-8&amp;src=internal_wenda_recommend_textn\" target=\"_blank\">黄叶</a>从这里那里冒出来，使<a href=\"http://www.so.com/s?q=%E5%B1%B1%E6%9E%97&amp;ie=utf-8&amp;src=internal_wenda_recommend_textn\" target=\"_blank\">山林</a>的<a href=\"http://www.so.com/s?q=%E8%B0%83%E5%AD%90&amp;ie=utf-8&amp;src=internal_wenda_recommend_textn\" target=\"_blank\">调子</a>显得更为暖和。一直到3月份，这无边无际的绿色也不落去，它直接<a href=\"http://www.so.com/s?q=%E5%9C%A8%E6%A0%91%E4%B8%8A&amp;ie=utf-8&amp;src=internal_wenda_recommend_textn\" target=\"_blank\">在树上</a>转为了<a href=\"http://www.so.com/s?q=%E6%98%A5%E5%A4%A9&amp;ie=utf-8&amp;src=internal_wenda_recommend_textn\" target=\"_blank\">春天</a>的嫩绿。<br />\n　　在冬天的云南，要获得一种史蒂文森所谓&ldquo;冬天的心境&rdquo;很不容易，要见着&ldquo;在冬天，乌鸦和雪&rdquo;这类实况，得往<a href=\"http://www.so.com/s?q=%E5%8C%97%E6%96%B9&amp;ie=utf-8&amp;src=internal_wenda_recommend_textn\" target=\"_blank\">北方</a>走，越过许多绿色的峡谷和永不结冰的<a href=\"http://www.so.com/s?q=%E5%A4%A7%E6%B2%B3&amp;ie=utf-8&amp;src=internal_wenda_recommend_textn\" target=\"_blank\">大河</a>，一直到进入北纬25&deg;的附近。云南的冬天没有通常<a href=\"http://www.so.com/s?q=%E8%AF%97%E6%AD%8C&amp;ie=utf-8&amp;src=internal_wenda_recommend_textn\" target=\"_blank\">诗歌</a>所惯写的某些<a href=\"http://www.so.com/s?q=%E5%86%AC%E5%A4%A9%E6%84%8F%E8%B1%A1&amp;ie=utf-8&amp;src=internal_wenda_recommend_textn\" target=\"_blank\">冬天意象</a>，在这里，冬天这个<a href=\"http://www.so.com/s?q=%E6%97%B6%E9%97%B4%E6%A6%82%E5%BF%B5&amp;ie=utf-8&amp;src=internal_wenda_recommend_textn\" target=\"_blank\">时间概念</a>所暗示的只是一种教科书上的<a href=\"http://www.so.com/s?q=%E6%96%87%E5%8C%96&amp;ie=utf-8&amp;src=internal_wenda_recommend_textn\" target=\"_blank\">文化</a>，一个云南口音的罗曼蒂克小<a href=\"http://www.so.com/s?q=%E8%AF%97%E4%BA%BA&amp;ie=utf-8&amp;src=internal_wenda_recommend_textn\" target=\"_blank\">诗人</a><a href=\"http://www.so.com/s?q=%E5%B9%BB%E8%A7%89&amp;ie=utf-8&amp;src=internal_wenda_recommend_textn\" target=\"_blank\">幻觉</a>中的小矮人和白雪公主；一个来自外省的<a href=\"http://www.so.com/s?q=%E6%BC%AB%E6%B8%B8%E8%80%85&amp;ie=utf-8&amp;src=internal_wenda_recommend_textn\" target=\"_blank\">漫游者</a>所讲述的关于<a href=\"http://www.so.com/s?q=%E6%9A%B4%E9%A3%8E%E9%9B%AA&amp;ie=utf-8&amp;src=internal_wenda_recommend_textn\" target=\"_blank\">暴风雪</a>和<a href=\"http://www.so.com/s?q=%E8%93%9D%E8%83%A1%E5%AD%90&amp;ie=utf-8&amp;src=internal_wenda_recommend_textn\" target=\"_blank\">蓝胡子</a>的<a href=\"http://www.so.com/s?q=%E4%BC%A0%E5%A5%87%E6%95%85%E4%BA%8B&amp;ie=utf-8&amp;src=internal_wenda_recommend_textn\" target=\"_blank\">传奇故事</a>。在云南，&ldquo;冬天&rdquo;这个词和正在眼前的<a href=\"http://www.so.com/s?q=%E5%85%B7%E4%BD%93%E4%BA%8B%E7%89%A9&amp;ie=utf-8&amp;src=internal_wenda_recommend_textn\" target=\"_blank\">具体事物</a>无关，它甚至和<a href=\"http://www.so.com/s?q=%E6%A3%89%E8%A2%84&amp;ie=utf-8&amp;src=internal_wenda_recommend_textn\" target=\"_blank\">棉袄</a>、<a href=\"http://www.so.com/s?q=%E5%9B%B4%E5%B7%BE&amp;ie=utf-8&amp;src=internal_wenda_recommend_textn\" target=\"_blank\">围巾</a>这些北方的抢手货无关。<br />\n　　然而，<a href=\"http://www.so.com/s?q=%E6%A0%91%E5%8F%B6&amp;ie=utf-8&amp;src=internal_wenda_recommend_textn\" target=\"_blank\">树叶</a>同样会在云南死去。<br />\n　　树叶永远，每一个月份都在死去。在最喧嚣、最明亮、最生机勃勃的春天，你也会看到一两片叶子，几百片叶子，从某棵树上不祥地落下来，但你永远看不到它们全体死去，看不见它们作为集体，作为&ldquo;树叶&rdquo;这个词的死亡。常常是，它们在每一个季节都活着，在云南所有树木的树冠的附近，保持着绿色，像永远丧失了飞翔功能的<a href=\"http://www.so.com/s?q=%E9%B8%9F%E7%BE%A4&amp;ie=utf-8&amp;src=internal_wenda_recommend_textn\" target=\"_blank\">鸟群</a>。死，永远只是单个的，自觉自愿的选择。时间并不强迫树叶们在预定的时刻（冬天）一齐死去。每<a href=\"http://www.so.com/s?q=%E4%B8%80%E7%89%87%E5%8F%B6%E5%AD%90&amp;ie=utf-8&amp;src=internal_wenda_recommend_textn\" target=\"_blank\">一片叶子</a>的死亡，仅仅是这片叶子的死亡，它可以在任何<a href=\"http://www.so.com/s?q=%E5%B9%B4%E4%BB%A3&amp;ie=utf-8&amp;src=internal_wenda_recommend_textn\" target=\"_blank\">年代</a>、任何季节、任何钟点内，它并不指望自己的离去同时也是一整个季节的结束。因此，死亡本身是一次选择。连绵不断的死亡和连绵不断的生命在云南的每一个季节共存，死去的像存在的一样灿烂而令人印象深刻。这就是为什么在云南冬天的<a href=\"http://www.so.com/s?q=%E5%B1%B1%E4%B8%AD&amp;ie=utf-8&amp;src=internal_wenda_recommend_textn\" target=\"_blank\">山中</a>，忽然看到一簇色彩斑斓的红叶，人会感到触目惊心、热泪盈眶。<br />\n　　一片叶子的落下就是一次辉煌的事件。它忽然就离开了那绿色的属性，离开了它的&ldquo;本质&rdquo;，离开了树干上那无边无际的集体，选择了它自己内在的、从未裸露过的深红或者褐黑。它落下来，从本该为世界所仰视的<a href=\"http://www.so.com/s?q=%E5%9C%B0%E6%96%B9&amp;ie=utf-8&amp;src=internal_wenda_recommend_textn\" target=\"_blank\">地方</a>，落到会被某种践踏所抹去的地方。它并不在乎这种处境的变化，它只是在<a href=\"http://www.so.com/s?q=%E9%A3%8E%E6%9D%A5&amp;ie=utf-8&amp;src=internal_wenda_recommend_textn\" target=\"_blank\">风来</a>的时候，或者<a href=\"http://www.so.com/s?q=%E9%9B%A8%E4%B8%AD&amp;ie=utf-8&amp;src=internal_wenda_recommend_textn\" target=\"_blank\">雨中</a>，或者随着<a href=\"http://www.so.com/s?q=%E4%B8%80%E5%8F%AA%E9%B8%9F&amp;ie=utf-8&amp;src=internal_wenda_recommend_textn\" target=\"_blank\">一只鸟</a>的沉浮，一匹兽的动静，<a href=\"http://www.so.com/s?q=%E5%9C%A8%E7%A7%8B%E5%A4%A9&amp;ie=utf-8&amp;src=internal_wenda_recommend_textn\" target=\"_blank\">在秋天</a>或者<a href=\"http://www.so.com/s?q=%E5%A4%8F%E5%A4%A9&amp;ie=utf-8&amp;src=internal_wenda_recommend_textn\" target=\"_blank\">夏天</a>，在<a href=\"http://www.so.com/s?q=%E9%BB%8E%E6%98%8E&amp;ie=utf-8&amp;src=internal_wenda_recommend_textn\" target=\"_blank\">黎明</a>或者<a href=\"http://www.so.com/s?q=%E6%AD%A3%E5%8D%88&amp;ie=utf-8&amp;src=internal_wenda_recommend_textn\" target=\"_blank\">正午</a>，在它自己的时间内，这片树叶忽然就从那绿色的<a href=\"http://www.so.com/s?q=%E5%A4%A7%E9%99%86&amp;ie=utf-8&amp;src=internal_wenda_recommend_textn\" target=\"_blank\">大陆</a>上腾飞而起，像一只金蝶。但它并不是金蝶，它只是一片离开了树和绿色的叶子，它并没有向<a href=\"http://www.so.com/s?q=%E8%8A%B1%E6%9C%B5&amp;ie=utf-8&amp;src=internal_wenda_recommend_textn\" target=\"_blank\">花朵</a>炫耀自身，进而索取<a href=\"http://www.so.com/s?q=%E8%8A%B1%E7%B2%89&amp;ie=utf-8&amp;src=internal_wenda_recommend_textn\" target=\"_blank\">花粉</a>的愿望。<br />\n　　它只是要往下去。不论那里是水还是<a href=\"http://www.so.com/s?q=%E6%B3%A5%E5%9C%9F&amp;ie=utf-8&amp;src=internal_wenda_recommend_textn\" target=\"_blank\">泥土</a>，是石头还是空地。一片叶子自有它自己的落下。这不是一块石头或一只蜂鸟的落下，不是另一片叶子的落下：它从它的角度，经过风的厚处和薄处，越过空间的某几层，在<a href=\"http://www.so.com/s?q=%E9%98%B3%E5%85%89&amp;ie=utf-8&amp;src=internal_wenda_recommend_textn\" target=\"_blank\">阳光</a>的粉末中。它并不一直向下，而是漂浮着，它在没有水的地方创造了漂浮这种动作。进入高处，又沉到低处，在进入<a href=\"http://www.so.com/s?q=%E5%A4%A7%E5%9C%B0&amp;ie=utf-8&amp;src=internal_wenda_recommend_textn\" target=\"_blank\">大地</a>之前，它有一阵绵延，那不是来自某种心情、某种伤心或依恋，而是它对自身的把握。一片叶子的死亡令人感动，如果这感动引起了惆怅或怜惜，那么此人就不懂得云南的树叶。他是用北方的心境来感受云南了。实际上，死亡并不存在，生命并不存在。存在的<a href=\"http://www.so.com/s?q=%E5%8F%AA%E6%98%AF%E4%B8%80%E7%89%87%E5%8F%B6%E5%AD%90&amp;ie=utf-8&amp;src=internal_wenda_recommend_textn\" target=\"_blank\">只是一片叶子</a>，或者由&ldquo;叶子&rdquo;这个词所指示的那一事物，它脱离了树和<a href=\"http://www.so.com/s?q=%E5%A4%A9%E7%A9%BA&amp;ie=utf-8&amp;src=internal_wenda_recommend_textn\" target=\"_blank\">天空</a>的时间，进入了另一种时间。在那儿具有叶子这种外形的事物并不呈现为绿色，并不需要<a href=\"http://www.so.com/s?q=%E6%B0%B4%E5%88%86&amp;ie=utf-8&amp;src=internal_wenda_recommend_textn\" target=\"_blank\">水分</a>、阳光和鸟群。它是另一个时间中的另一种事物。<br />\n　　没有人知道这些树叶是何时掉下来的，<a href=\"http://www.so.com/s?q=%E4%B8%96%E7%95%8C%E4%B8%8A&amp;ie=utf-8&amp;src=internal_wenda_recommend_textn\" target=\"_blank\">世界上</a>有无数关于树和<a href=\"http://www.so.com/s?q=%E6%A3%AE%E6%9E%97&amp;ie=utf-8&amp;src=internal_wenda_recommend_textn\" target=\"_blank\">森林</a>的书，但没有一本描述过一片叶子的落下。在那些<a href=\"http://www.so.com/s?q=%E6%96%87%E5%AD%97&amp;ie=utf-8&amp;src=internal_wenda_recommend_textn\" target=\"_blank\">文字</a>里，一片叶子只是一个名词和些许<a href=\"http://www.so.com/s?q=%E5%BD%A2%E5%AE%B9%E8%AF%8D&amp;ie=utf-8&amp;src=internal_wenda_recommend_textn\" target=\"_blank\">形容词</a>的集合体，没有动词，每个人都看见过这些树叶，一片叶子的落下包含多少美丽的细节啊！然而永远不会有人听见<a href=\"http://www.so.com/s?q=%E4%B8%80%E7%89%87%E6%A0%91%E5%8F%B6&amp;ie=utf-8&amp;src=internal_wenda_recommend_textn\" target=\"_blank\">一片树叶</a>撞到风的时候的那一次响声，就像在<a href=\"http://www.so.com/s?q=%E6%B7%B1%E5%A4%9C&amp;ie=utf-8&amp;src=internal_wenda_recommend_textn\" target=\"_blank\">深夜</a>的大街上发生的车祸，没有目击者，永远没有。一切细节都被抹去，只被概括为两个字&ldquo;落叶&rdquo;。这些被叫做&ldquo;落叶&rdquo;的东西，看上去比栖居在树上的年代更为美丽悦目，没有生命支撑的花纹，凝固在干掉的<a href=\"http://www.so.com/s?q=%E5%BA%95%E5%9F%BA&amp;ie=utf-8&amp;src=internal_wenda_recommend_textn\" target=\"_blank\">底基</a>上，<a href=\"http://www.so.com/s?q=%E6%9C%89%E9%B1%BC&amp;ie=utf-8&amp;src=internal_wenda_recommend_textn\" target=\"_blank\">有鱼</a>的美，又有绘画的美；由于这些美来自不同时间内的单个的死亡，因而色彩驳杂、深浅不一，缺乏某种统一的调子，它们的丰富使&ldquo;落叶&rdquo;这个词显得无比空洞。&ldquo;落叶&rdquo;是什么？没有落叶，只有这一片深红的或那一片褐黑的，一个诗人永远想不出用什么<a href=\"http://www.so.com/s?q=%E6%84%8F%E8%B1%A1&amp;ie=utf-8&amp;src=internal_wenda_recommend_textn\" target=\"_blank\">意象</a>来区别、表现它们，这<a href=\"http://www.so.com/s?q=%E6%99%AF%E8%B1%A1&amp;ie=utf-8&amp;src=internal_wenda_recommend_textn\" target=\"_blank\">景象</a>在文学史上像&ldquo;落叶&rdquo;这个词一样空白。<br />\n　　冬天，当整个世界都被北方那巨大的整体的死亡所笼罩，当<a href=\"http://www.so.com/s?q=%E4%BA%BA%E4%BB%AC&amp;ie=utf-8&amp;src=internal_wenda_recommend_textn\" target=\"_blank\">人们</a>沉浸在对乌鸦、雪和<a href=\"http://www.so.com/s?q=%E8%A5%BF%E9%A3%8E&amp;ie=utf-8&amp;src=internal_wenda_recommend_textn\" target=\"_blank\">西风</a>的体验或回忆中，在云南，有几片叶子在<a href=\"http://www.so.com/s?q=12%E6%9C%8831%E6%97%A5&amp;ie=utf-8&amp;src=internal_wenda_recommend_textn\" target=\"_blank\">12月31日</a><a href=\"http://www.so.com/s?q=%E4%B8%8B%E5%8D%884%E7%82%B9&amp;ie=utf-8&amp;src=internal_wenda_recommend_textn\" target=\"_blank\">下午4点</a>10分51秒落下。它们所往不同，一片在<a href=\"http://www.so.com/s?q=%E5%B1%B1%E5%86%88&amp;ie=utf-8&amp;src=internal_wenda_recommend_textn\" target=\"_blank\">山冈</a>的斜坡上，一片在豹子洞穴的边缘，有两片在树的根部，还有几片，踩着风梢过了红色沼泽。<br />\n　　在云南冬天的树林中，心情是一种<a href=\"http://www.so.com/s?q=%E5%BD%92%E5%AE%B6&amp;ie=utf-8&amp;src=internal_wenda_recommend_textn\" target=\"_blank\">归家</a>的心情。生命和死亡，一个在树上，一个在<a href=\"http://www.so.com/s?q=%E6%A0%91%E4%B8%8B&amp;ie=utf-8&amp;src=internal_wenda_recommend_textn\" target=\"_blank\">树下</a>，各有自己的位置。在树上的并不暗示某种攀登、仰视的冲动；在树下的并没有被抛弃的寂寞。在这美丽、伸手可触的<a href=\"http://www.so.com/s?q=%E6%9E%97%E5%AD%90%E4%B8%AD&amp;ie=utf-8&amp;src=internal_wenda_recommend_textn\" target=\"_blank\">林子中</a>，<a href=\"http://www.so.com/s?q=%E5%94%AF%E4%B8%80%E7%9A%84%E6%84%BF%E6%9C%9B&amp;ie=utf-8&amp;src=internal_wenda_recommend_textn\" target=\"_blank\">唯一的愿望</a>就是躺下。躺下了，在好<a href=\"http://www.so.com/s?q=%E6%97%A5%E5%AD%90&amp;ie=utf-8&amp;src=internal_wenda_recommend_textn\" target=\"_blank\">日子</a>，进入<a href=\"http://www.so.com/s?q=%E6%9E%97%E5%AD%90%E6%B7%B1%E5%A4%84&amp;ie=utf-8&amp;src=internal_wenda_recommend_textn\" target=\"_blank\">林子深处</a>，在松树叶或者老<a href=\"http://www.so.com/s?q=%E6%A1%89%E6%A0%91%E5%8F%B6&amp;ie=utf-8&amp;src=internal_wenda_recommend_textn\" target=\"_blank\">桉树叶</a>的大床上躺下，内心充满的不是孤独、反抗或期待（期待另一个季节），不是忍受，而是宁静、自在、沉思或倾听。<br />\n　　躺在那儿，仰望散漫在树干和叶子之间的光束和雾片；仰望在树叶间露出的斑斑蓝宝石天空，像处于一簇<a href=\"http://www.so.com/s?q=%E6%B0%B4%E8%8D%89&amp;ie=utf-8&amp;src=internal_wenda_recommend_textn\" target=\"_blank\">水草</a>底下的虾，周围、上下全是树叶，生的和死的同样丰满、同样拥挤、同样辉煌。松开四肢、松开肺、松开心脏和血管，松开耳孔、鼻孔、<a href=\"http://www.so.com/s?q=%E6%AF%9B%E5%AD%94&amp;ie=utf-8&amp;src=internal_wenda_recommend_textn\" target=\"_blank\">毛孔</a>，让<a href=\"http://www.so.com/s?q=%E6%A0%91%E7%9A%AE&amp;ie=utf-8&amp;src=internal_wenda_recommend_textn\" target=\"_blank\">树皮</a>的气味，汁液和草浆的气味，马鹿<a href=\"http://www.so.com/s?q=%E5%92%8C%E7%86%8A&amp;ie=utf-8&amp;src=internal_wenda_recommend_textn\" target=\"_blank\">和熊</a>的气味，松鼠和蛇的气味灌进去，在没有声音的地方，倾听无以命名的声音。有什么在落叶上&ldquo;沙沙沙&rdquo;地走，没有脚踵地走，那&ldquo;沙沙沙&rdquo;也不是声音，不能模仿，不能复述，只能倾听。你最后连倾听也放弃了，你进入到那声音中，和那声音在一个内部，你像你<a href=\"http://www.so.com/s?q=%E8%BA%AB%E5%AD%90&amp;ie=utf-8&amp;src=internal_wenda_recommend_textn\" target=\"_blank\">身子</a>下面那<a href=\"http://www.so.com/s?q=%E9%BB%91%E6%9A%97%E4%B8%AD&amp;ie=utf-8&amp;src=internal_wenda_recommend_textn\" target=\"_blank\">黑暗中</a>的土层一样，和根，和根周围的土、水、<a href=\"http://www.so.com/s?q=%E6%98%86%E8%99%AB&amp;ie=utf-8&amp;src=internal_wenda_recommend_textn\" target=\"_blank\">昆虫</a><a href=\"http://www.so.com/s?q=%E5%9C%A8%E4%B8%80%E8%B5%B7&amp;ie=utf-8&amp;src=internal_wenda_recommend_textn\" target=\"_blank\">在一起</a>。你们并没意识到&ldquo;在&rdquo;，只是在着，在那儿，冬天，山中的某处。<br />\n　　躺在那儿，望着蚕豆那么大的黑蜘蛛在你眼前一寸许的地方做网，比较着它的那些腿哪一条更长些。奇怪的虫，它怎么能支配那么多腿？它似乎永远想把<a href=\"http://www.so.com/s?q=%E8%BF%99%E4%B8%AA%E4%B8%96%E7%95%8C&amp;ie=utf-8&amp;src=internal_wenda_recommend_textn\" target=\"_blank\">这个世界</a>网罗起来，它们把一切都当成鱼了。<br />\n　　在没有任何依托的地方，沿着一根丝，爬过来，再爬回去；这绝对是一个攀援绝壁的勇士的<a href=\"http://www.so.com/s?q=%E9%AB%98%E9%9A%BE%E5%8A%A8%E4%BD%9C&amp;ie=utf-8&amp;src=internal_wenda_recommend_textn\" target=\"_blank\">高难动作</a>。那丝的一头来自一丛牛蒡花的刺毛上，另一头则搭在一棵榉树的树皮缝中，<a href=\"http://www.so.com/s?q=%E6%88%91%E7%9A%84%E7%9C%BC%E7%9D%9B&amp;ie=utf-8&amp;src=internal_wenda_recommend_textn\" target=\"_blank\">我的眼睛</a>看不见它是如何把那根丝在树上打结的。世界上有些地方，看是无能为力的，想象也不能抵达。它们居然在无人能计算的时间内做出了一顶降落伞那样的东西，它像伞兵一样居于正中，并不落下，自足自在的昆虫，守着它那一份很小的<a href=\"http://www.so.com/s?q=%E5%A4%A9%E5%A0%82&amp;ie=utf-8&amp;src=internal_wenda_recommend_textn\" target=\"_blank\">天堂</a>，一动不动。<br />\n　　躺在那儿。看一只并不知道<a href=\"http://www.so.com/s?q=%E6%9C%89%E4%B8%80%E5%8F%8C%E7%9C%BC%E7%9D%9B&amp;ie=utf-8&amp;src=internal_wenda_recommend_textn\" target=\"_blank\">有一双眼睛</a>正在偷看它的鸟，这只鸟你从未见过，你或许在<a href=\"http://www.so.com/s?q=%E4%B9%A6%E4%B8%8A&amp;ie=utf-8&amp;src=internal_wenda_recommend_textn\" target=\"_blank\">书上</a>读过这些鸟的名字，但你不知道它的名字是那些中的哪一个。这并不妨碍你看这只鸟，从未有一只鸟在你生命那么近的地方待过。它就在你头上。一棵老橡树垂下来的枝上。伸手你就能捕捉到它，但你不会伸手。你被一个生命的自在所震慑。那是最无作为的自在。这是一只<a href=\"http://www.so.com/s?q=%E5%B0%8F%E5%A7%91%E5%A8%98&amp;ie=utf-8&amp;src=internal_wenda_recommend_textn\" target=\"_blank\">小姑娘</a>似的鸟。它梳头，打开翅膀，跳跳，把头靠在羽毛上休息，它还听了听，一只小鸟听到<a href=\"http://www.so.com/s?q=%E7%9A%84%E4%B8%96%E7%95%8C&amp;ie=utf-8&amp;src=internal_wenda_recommend_textn\" target=\"_blank\">的世界</a>是怎样的世界？这个念头令人不快，但很快就过去了。看一只鸟怎样生活，毕竟胜过看一出<a href=\"http://www.so.com/s?q=%E8%88%9E%E5%89%A7&amp;ie=utf-8&amp;src=internal_wenda_recommend_textn\" target=\"_blank\">舞剧</a>或者<a href=\"http://www.so.com/s?q=%E8%AF%9D%E5%89%A7&amp;ie=utf-8&amp;src=internal_wenda_recommend_textn\" target=\"_blank\">话剧</a>。这儿不需要鼓掌，不需要评论，没有判断的压力，不是对智力的考验。它要的，只是看。看它怎样一蹬<a href=\"http://www.so.com/s?q=%E6%A0%91%E6%9E%9D&amp;ie=utf-8&amp;src=internal_wenda_recommend_textn\" target=\"_blank\">树枝</a>，腾飞而去；看它最终能飞多高；看它怎样再次从树叶中钻下来;看它再次回到那儿。这个活蹦乱跳的<a href=\"http://www.so.com/s?q=%E5%B0%8F%E7%94%9F%E5%91%BD&amp;ie=utf-8&amp;src=internal_wenda_recommend_textn\" target=\"_blank\">小生命</a>，和那个被称为&ldquo;鸟&rdquo;的东西毫不相干。<br />\n　　躺在那儿，看看蚂蚁的生活场景，它的城市、街道、广场、工地和车站。看看这个共和国的社会秩序和社会风俗。如此广阔的世界，这些黑色公民只安居于它们那一只碗那么大的地盘，并且生活得如此紧张、如此勤奋，我永远看不见一只睡到12点才起床的蚂蚁。我看见它们运送粮食，那是一项怎样伟大的工程！如果作为一个巨人在<a href=\"http://www.so.com/s?q=%E5%9F%83%E5%8F%8A&amp;ie=utf-8&amp;src=internal_wenda_recommend_textn\" target=\"_blank\">埃及</a>的天空上看埃及人建金字塔，那<a href=\"http://www.so.com/s?q=%E6%83%85%E6%99%AF&amp;ie=utf-8&amp;src=internal_wenda_recommend_textn\" target=\"_blank\">情景</a>也不过如此。没有什么其他的团结能比一群蚂蚁的团结更具有&ldquo;团结&rdquo;这个词所包含的全部<a href=\"http://www.so.com/s?q=%E6%84%8F%E4%B9%89&amp;ie=utf-8&amp;src=internal_wenda_recommend_textn\" target=\"_blank\">意义</a>。这些有着严密的组织和秩序的小<a href=\"http://www.so.com/s?q=%E7%94%9F%E7%81%B5&amp;ie=utf-8&amp;src=internal_wenda_recommend_textn\" target=\"_blank\">生灵</a>，<a href=\"http://www.so.com/s?q=%E5%9C%A8%E6%A0%91%E6%9E%97%E9%87%8C&amp;ie=utf-8&amp;src=internal_wenda_recommend_textn\" target=\"_blank\">在树林里</a>到处可见，你不知道它们在忙些什么，那些小脑袋里都是些什么念头，你有时觉得自己的脑袋太大了，有那么多乱七八糟的顾虑、负担、杂感；但是一旦目睹了蚂蚁社会那些神圣的仪式，人会丧失思想的愿望。仿佛成了蚂蚁<a href=\"http://www.so.com/s?q=%E7%BE%A4%E4%B8%AD&amp;ie=utf-8&amp;src=internal_wenda_recommend_textn\" target=\"_blank\">群中</a>的一个，你开始爬行，虽然不动，但一种爬的快感占有着你的<a href=\"http://www.so.com/s?q=%E7%9A%AE%E8%82%A4&amp;ie=utf-8&amp;src=internal_wenda_recommend_textn\" target=\"_blank\">皮肤</a>和神经，<a href=\"http://www.so.com/s?q=%E7%9D%81%E7%9C%BC&amp;ie=utf-8&amp;src=internal_wenda_recommend_textn\" target=\"_blank\">睁眼</a>看看，发现你已被成千上万的蚂蚁作为拓展了的<a href=\"http://www.so.com/s?q=%E8%A5%BF%E9%83%A8&amp;ie=utf-8&amp;src=internal_wenda_recommend_textn\" target=\"_blank\">西部</a>疆域，占领了。<br />\n　　躺在那儿，看光。看光怎样渐次向事物的西部移去，直到它们全被磨秃，最后只剩下一些蓝色的<a href=\"http://www.so.com/s?q=%E7%BB%92%E6%AF%9B&amp;ie=utf-8&amp;src=internal_wenda_recommend_textn\" target=\"_blank\">绒毛</a>，布满树干和天空。<a href=\"http://www.so.com/s?q=%E6%98%9F%E5%AD%90&amp;ie=utf-8&amp;src=internal_wenda_recommend_textn\" target=\"_blank\">星子</a>在云南树林之上的<a href=\"http://www.so.com/s?q=%E5%86%AC%E5%A4%A9%E9%87%8C&amp;ie=utf-8&amp;src=internal_wenda_recommend_textn\" target=\"_blank\">冬天里</a>，地开始潮湿，不能躺了，站起来，<a href=\"http://www.so.com/s?q=%E9%A1%BA%E6%98%8E&amp;ie=utf-8&amp;src=internal_wenda_recommend_textn\" target=\"_blank\">顺明</a>月底下的山林漫步，到处是<a href=\"http://www.so.com/s?q=%E7%AB%A5%E8%AF%9D&amp;ie=utf-8&amp;src=internal_wenda_recommend_textn\" target=\"_blank\">童话</a>般的小光。这包括<a href=\"http://www.so.com/s?q=%E8%90%A4%E7%81%AB%E8%99%AB&amp;ie=utf-8&amp;src=internal_wenda_recommend_textn\" target=\"_blank\">萤火虫</a>和不同物体对<a href=\"http://www.so.com/s?q=%E6%9C%88%E5%85%89&amp;ie=utf-8&amp;src=internal_wenda_recommend_textn\" target=\"_blank\">月光</a>的回应，一切事物的形都丧失了，只有光在不同的亮处、明处、晦处、暗处，不同的方位，把原来已被命名的事物打散，组合成一些圆的、方的，看上去像是一些<a href=\"http://www.so.com/s?q=%E6%96%B0%E4%BA%8B%E7%89%A9&amp;ie=utf-8&amp;src=internal_wenda_recommend_textn\" target=\"_blank\">新事物</a>的轮廓。<br />\n　　心中充满命名的兴奋和喜悦，把一群最坚硬的岩石叫做<a href=\"http://www.so.com/s?q=%E7%BE%8A%E7%BE%A4&amp;ie=utf-8&amp;src=internal_wenda_recommend_textn\" target=\"_blank\">羊群</a>，把一棵孤立的马尾松叫做<a href=\"http://www.so.com/s?q=%E5%A0%82%E5%90%89%E8%AF%83%E5%BE%B7&amp;ie=utf-8&amp;src=internal_wenda_recommend_textn\" target=\"_blank\">堂吉诃德</a>先生，这不足为怪，这不是浪漫者的<a href=\"http://www.so.com/s?q=%E5%B0%8F%E5%90%8D%E5%A0%82&amp;ie=utf-8&amp;src=internal_wenda_recommend_textn\" target=\"_blank\">小名堂</a>、小幻觉，因为是被光的变化欺骗了，这是令人愉快的错觉。有时候，光会沿着一棵长满苔毛的<a href=\"http://www.so.com/s?q=%E8%80%81%E6%A0%91&amp;ie=utf-8&amp;src=internal_wenda_recommend_textn\" target=\"_blank\">老树</a>的脊背溜下，像一只金色绒毛的松鼠。而真正的松鼠却看不见，它们隐身于大群的黑暗中，混迹于一堆看上去像老虎的东西中。看已置于错觉的位置，听却仍然保持着对事物的区别。那是<a href=\"http://www.so.com/s?q=%E4%B8%80%E5%8F%AA%E6%9D%BE%E9%BC%A0&amp;ie=utf-8&amp;src=internal_wenda_recommend_textn\" target=\"_blank\">一只松鼠</a>在咀嚼，那是一只<a href=\"http://www.so.com/s?q=%E7%8C%AB%E5%A4%B4%E9%B9%B0&amp;ie=utf-8&amp;src=internal_wenda_recommend_textn\" target=\"_blank\">猫头鹰</a>在啼叫，那是一只山鸡的<a href=\"http://www.so.com/s?q=%E5%97%93%E5%AD%90&amp;ie=utf-8&amp;src=internal_wenda_recommend_textn\" target=\"_blank\">嗓子</a>，那是一头麂子的步子。但在最黑暗的林子里，听也会茫然不知所措。那个东西窜过树林，它的边缘和<a href=\"http://www.so.com/s?q=%E5%A4%A7%E5%9C%B0%E4%B8%8A&amp;ie=utf-8&amp;src=internal_wenda_recommend_textn\" target=\"_blank\">大地上</a>的其他事物摩擦、碰撞的声音是令人惊惧的，那种速度，那种力量，那种敏捷，那种无拘无束、无法无天，那生命比你更强大、更自在、更无所顾忌，你的<a href=\"http://www.so.com/s?q=%E5%90%AC%E8%A7%89&amp;ie=utf-8&amp;src=internal_wenda_recommend_textn\" target=\"_blank\">听觉</a>全被恐惧和自卑所占据。<a href=\"http://www.so.com/s?q=%E4%BA%BA%E7%9A%84%E6%9C%AC%E8%83%BD&amp;ie=utf-8&amp;src=internal_wenda_recommend_textn\" target=\"_blank\">人的本能</a>使你放过了某种真正的声音，你听错了，你听见的是你自己的顾虑重重、疑神疑鬼和一颗疲弱不堪的心在跳动。<a href=\"http://www.so.com/s?q=%E4%BD%A0%E7%8E%B0%E5%9C%A8&amp;ie=utf-8&amp;src=internal_wenda_recommend_textn\" target=\"_blank\">你现在</a>露出了真相，这个被你描述、赞美了一天的树林，现在像一个陷阱，到处是隐伏着危险的洞穴。<br />\n　　那时候才21点，你的离去使树林的真相永远被隐没。回头望望，那一片耸起在星夜中的黑暗的东西，是你无以言说的东西。<br />\n　　但它在着，不需要言说。它在那儿，云南12月份的<a href=\"http://www.so.com/s?q=%E5%A4%A9%E7%A9%BA%E4%B8%8B&amp;ie=utf-8&amp;src=internal_wenda_recommend_textn\" target=\"_blank\">天空下</a>。那时，世界的思想里充满了寒冷和雪。而它在那儿，在世界的念头之外，在明朗的高处，结实、茂盛，充满汁液。在那儿，阴暗的低处，干燥、单薄、灿烂而易碎。在那儿，云南的冬天，那山冈上的树林上。<br />\n　　1991年</p>\n','00005.jpg','Day1：小树林，Day2：小树林，Day3：小树林，Day4：小树林，'),(30,'青岛沿海','<p><img src=\"http://image.mafangwo.com/sfhxdfgl3/RichImage/20190313113816652.jpg\" title=\"海底世界.jpg\" /></p>\n\n<p><img src=\"http://image.mafangwo.com/sfhxdfgl3/RichImage/20190313113816605.jpg\" title=\"栈桥.jpg\" /></p>\n\n<p><span style=\"font-size:16px\"><span style=\"color:#444444\"><span style=\"font-family:&quot;microsoft yahei&quot;,arial\"><span style=\"background-color:#ffffff\"><span style=\"font-family:宋体\">&nbsp;地区昔称胶澳。1891年（清光绪十七年）清政府议决在胶澳设防，青岛由此建置。翌年，调登州镇总兵章高元率部移驻胶澳。1897年11月，德国以&ldquo;巨野教案&rdquo;为借口强占胶澳，并强迫清政府于1898年3月6日签订《胶澳租界条约》。从此，胶澳沦为殖民地，山东也划入了德国的势力范围。第一次世界大战爆发后，1914年11月，日本取代德国侵占胶澳，进行军事殖民统治。</span></span></span></span></span></p>\n\n<p>&nbsp;</p>\n\n<p style=\"text-align:left\"><span style=\"font-size:16px\"><span style=\"color:#444444\"><span style=\"font-family:&quot;microsoft yahei&quot;,arial\"><span style=\"background-color:#ffffff\"><span style=\"font-family:宋体\">　　第一次世界大战结束后，中国人民为收回青岛进行了英勇斗争。1919年，由于青岛主权问题，引发了著名的&ldquo;五四&rdquo;运动，迫使日本于1922年2月4日同中国政府签订了《解决山东悬案条约》。同年12月10日，中国收回胶澳，开为商埠，设立胶澳商埠督办公署，直属北洋政府。其行政区域与德胶澳租界地相同。1929年4月，南京国民政府接管胶澳商埠，同年7月设青岛特别市。1930年改称青岛市。</span></span></span></span></span></p>\n\n<p style=\"text-align:left\"><span style=\"font-size:16px\"><span style=\"color:#444444\"><span style=\"font-family:&quot;microsoft yahei&quot;,arial\"><span style=\"background-color:#ffffff\"><span style=\"font-family:宋体\">　　1938年1月，日本再次侵占青岛。1945年9月，国民党政府在美国支持下接收青岛，仍为特别市。1949年6月2日，青岛解放。青岛解放后，改属山东省省辖市。1981年，被列为全国15个经济中心城市之一；1984年4月，被列为全国14个进一步对外开放的沿海港口</span>&nbsp;<span style=\"font-family:宋体\">城市之一；1986年10月15日，被国务院正式批准在国家计划中实行单列，赋予省一级经济管理权限；1994年2月，被列为全国15个副省级城市之一。</span></span></span></span></span></p>\n\n<p>&nbsp;</p>\n\n<p style=\"text-align:left\"><span style=\"font-size:16px\"><span style=\"color:#444444\"><span style=\"font-family:&quot;microsoft yahei&quot;,arial\"><span style=\"background-color:#ffffff\"><span style=\"font-family:宋体\">&nbsp;&nbsp;&nbsp;&nbsp;&nbsp; 国的胶东半岛，红瓦绿树碧海蓝天中镶嵌着一个的美丽城市--青岛。它濒临黄海，环抱胶州湾，它北与烟台市为邻，西靠潍坊市，西南接日照市。是中国著名的海滨旅游胜地。</span></span></span></span></span></p>\n\n<p style=\"text-align:left\">&nbsp;</p>\n\n<p><span style=\"font-size:16px\"><span style=\"color:#444444\"><span style=\"font-family:&quot;microsoft yahei&quot;,arial\"><span style=\"background-color:#ffffff\"><span style=\"font-family:宋体\">　　青岛市的地势为北部海拔较高，由北向中部和西部逐渐降低，东南沿海地区和胶州湾沿岸地区地势较低，青岛北部及东南部主要是山地和丘陵，崂山地就在此，该山脉越胶州湾伸向胶州、胶南境内，崂山是道教名山，崂顶为全山最高处，海拔1133米，也是青岛市最高的山峰，在全省居第二高度，仅次于泰山顶峰（1524米），是我国沿海诸山中最高的山峰。</span></span></span></span></span></p>\n\n<p><span style=\"font-size:16px\"><span style=\"color:#444444\"><span style=\"font-family:&quot;microsoft yahei&quot;,arial\"><span style=\"background-color:#ffffff\"><span style=\"font-family:宋体\">　　青岛依山傍海，风光秀丽，气候宜人，是一座独具特色的海滨城市。星罗棋布的山岗低丘散布于青岛市区，楼宇依地形而建，红瓦屋顶错落有致，连同蜿蜒起伏的街道和葱绿的树木，构成青岛市区独特的地理景观。</span></span></span></span></span></p>\n\n<p><span style=\"font-size:16px\"><span style=\"color:#444444\"><span style=\"font-family:&quot;microsoft yahei&quot;,arial\"><span style=\"background-color:#ffffff\"><span style=\"font-family:宋体\">　　青岛近代历经沧桑，有着丰富的文化旅游景观，根据景点的分布和文化内涵，可分为各具特色的四大区域，即：西部旧城区（西方近代城市风貌）、东部新区（现代化国际城市风貌）、市区腹地（胶东民俗文化风貌）、郊区（历代文物古迹风貌）。到青岛来游览，即可享受宜人的气候和优美的风光。又可在观赏中外文化碰撞交融的结晶中产生深层次的思索和启迪，因而具有很高的旅游价值。</span></span></span></span></span></p>\n\n<p>&nbsp;</p>\n\n<p><span style=\"font-size:16px\"><span style=\"color:#444444\"><span style=\"font-family:&quot;microsoft yahei&quot;,arial\"><span style=\"background-color:#ffffff\"><span style=\"font-family:宋体\">　　概括来说：青岛岬湾相间，沙软滩平，海岸曲折，城伴海生，海增城色。崂山</span>&nbsp;<span style=\"font-family:宋体\">，山险峰秀，空旷幽远，鬼斧神工。八大处欧式建筑，造型别致，红顶石墙，精巧玲珑，各具风韵；宗教建筑别具韵味，市区的天主教堂</span>&nbsp;<span style=\"font-family:宋体\">、崂山</span>&nbsp;<span style=\"font-family:宋体\">的道观庙院、珠山佛寺尼庵，其建筑造型迥异，气氛庄严肃穆、空灵圣洁；名人故居多而密集国内罕见。民俗景点分布广、传统悠久、种类繁多、民族文化底蕴深厚。历史文物古迹遍布辖区各市、区，使青岛更加古朴凝重、清幽典雅。东西文化再此交融、相得益彰。</span></span></span></span></span></p>\n\n<p>&nbsp;</p>\n\n<p><span style=\"font-size:16px\"><span style=\"color:#444444\"><span style=\"font-family:&quot;microsoft yahei&quot;,arial\"><span style=\"background-color:#ffffff\"><span style=\"font-family:宋体\">　　青岛海岸线总长730.6公里，北起即墨市的金口，经崂山</span>&nbsp;<span style=\"font-family:宋体\">区、市南区、市北区、四方区、李沧区、城阳区、胶州市、黄岛区，南至胶南市宋家岭。海岸多为曲折的岩岸，海岬与海湾交替排列，共有49处海湾。胶州湾是青岛市最大也为山东半岛最大的海湾，南北长32.5公里，东西宽28公里，面积达436平方公里，胶州湾内有轮船驻泊的良好条件。青岛沿海有众多沙滩，不少已被开辟为海水浴场，海边还有不少滩涂，有些已开发为盐田或海产养殖场。青岛沿海岛屿有52个，面积都不大，距陆地较近。多数岛屿进行了开发利用，是开展海洋旅游的一方新天地</span>&nbsp;<span style=\"font-family:宋体\">。</span></span></span></span></span></p>\n\n<p><span style=\"font-size:16px\"><span style=\"color:#444444\"><span style=\"font-family:&quot;microsoft yahei&quot;,arial\"><span style=\"background-color:#ffffff\"><span style=\"font-family:宋体\">　　青岛气候有着鲜明的特点，那就是：四季分明，夏短冬长；夏无酷暑，冬少严寒；降水适中，热量充足；春夏多雾，冬春风大。青岛夏季较内地短，一年平均只有80天，夏季平均气温为23摄氏度，最热的8月平均气温为25.1摄氏度，由于受海洋影响，比较凉爽，是人们避暑，疗养和游泳的最好季节。</span></span></span></span></span></p>\n\n<p>&nbsp;</p>\n','00006.jpg','Day1:栈桥风景区--圣弥厄尔教堂-青岛海底世界，Day2：幸福门-韩服城-威海海洋牧场，Day3：文城酒堡（西红柿首富拍摄地），Day4：八仙渡海口-蓬莱阁    '),(31,'广西红树林','<p style=\"text-align:center\"><img alt=\"\" src=\"http://localhost/cdcdb2b9628448f48bd4904cdb619dcd_00007.jpg\" style=\"height:225px; width:400px\" /></p>\n\n<p style=\"text-align:center\"><a href=\"https://baike.so.com/doc/651776-689898.html\" target=\"_blank\">红树林</a>是热带、亚热带海岸<a href=\"https://baike.so.com/doc/5791812-6004604.html\" target=\"_blank\">潮间带</a>特有的胎生木本植物群落，素有&quot;<a href=\"https://baike.so.com/doc/985728-1041983.html\" target=\"_blank\">海上森林</a>&quot;之称，幽秘神奇、倚海而生，随潮涨而隐、潮退而现，是国家级重点保护的珍稀植物。北海山口镇的国家级<a href=\"https://baike.so.com/doc/6001552-6214528.html\" target=\"_blank\">红树林自然保护区</a>位于广西北海市<a href=\"https://baike.so.com/doc/6522896-6736628.html\" target=\"_blank\">合浦县</a>境内，海岸线长50公里，面积8000公顷，光热充足，港湾深入内陆，封闭好，海水污染程度低，理化性质稳定，滩涂淤泥肥沃，适宜于红树林生长，保护红树林面积为7.2平方公里，共有<a href=\"https://baike.so.com/doc/5698169-26111605.html\" target=\"_blank\">红海榄</a>树、<a href=\"https://baike.so.com/doc/5948974-6161914.html\" target=\"_blank\">秋茄</a>、<a href=\"https://baike.so.com/doc/5429995-5668250.html\" target=\"_blank\">桐花树</a>等12种<a href=\"https://baike.so.com/doc/7538653-7812746.html\" target=\"_blank\">红树林植物</a>，是广西乃至全国大陆海岸发育良好，连片大，结构较典型，保护较完整的红树林区。</p>\n','00007.jpg','Day1：红树林'),(32,'清徐荷花塘','<p style=\"text-align:center\"><img alt=\"\" src=\"http://localhost/2bcda46e3b50433a9972e19f78c11c3f_00008.jpg\" style=\"height:225px; width:400px\" /></p>\n\n<p style=\"text-align:center\">&nbsp;</p>\n\n<p><strong>清源文庙</strong></p>\n\n<p><a href=\"https://p1.ssl.qhmsg.com/t017621704938b47cb6.jpg\"><img alt=\"狐突庙\" id=\"img_8375008\" src=\"https://p1.ssl.qhmsg.com/dr/220__/t017621704938b47cb6.jpg\" title=\"狐突庙\" /></a></p>\n\n<p>清源文庙是全国重点文物保护单位<a href=\"https://p1.ssl.qhmsg.com/t017621704938b47cb6.jpg\">狐突庙</a>，始建于金泰和三年(1203年)，元、明、清均有修葺。占地面积7000平方米。文庙大成殿是珍贵的早期建筑遗构，在金代建筑遗存中具有一定的代表性。</p>\n\n<p><strong>狐突庙</strong></p>\n\n<p>狐突庙为全国重点文物保护单位，为纪念春秋时晋国大夫狐突而建。庙始建于金明昌元年(1190年)，元至元二十六年(1298年)重修，明嘉靖十四年(1535年)增补扩建。庙址坐北朝南，由两进院落组成。现存献殿、正殿与碑廊等建筑，占地面积1875平方米。</p>\n\n<p><strong>罗贯中纪念馆</strong></p>\n\n<p><a href=\"https://p1.ssl.qhmsg.com/t01951304cca9f5c5df.jpg\"><img alt=\"宝梵寺\" id=\"img_8375009\" src=\"https://p1.ssl.qhmsg.com/dr/220__/t01951304cca9f5c5df.jpg\" title=\"宝梵寺\" /></a></p>\n\n<p><a href=\"https://baike.so.com/doc/7555963-7830056.html\" target=\"_blank\">罗贯中纪念馆</a>是由清徐罗氏第二十一代传人罗二栋先生融<a href=\"https://p1.ssl.qhmsg.com/t01951304cca9f5c5df.jpg\">宝梵寺</a>资，于2000年建成的。纪念馆坐落在中隐山麓，清泉湖畔，与清徐三国城在一条中轴线上。占地四千五百平方米，青砖碧瓦，雕梁画栋，为仿明清时代的园林式建筑风格。主要建筑有山门、罗贯中<a href=\"https://baike.so.com/doc/3265768-3440741.html\" target=\"_blank\">石雕</a>站像、主殿、厢房、曲廊、方亭、碧池、花园、玉带桥、九龙壁、麒麟吐玉书影壁等。</p>\n\n<p><strong>宝梵寺</strong></p>\n\n<p>宝梵寺位于清徐县城西南10公里的东于村北隅。是太原地区现存最完整的一座清代建筑。宝梵寺宋代名&quot;宝林禅院&quot;，辽、金时期称&quot;<a href=\"https://baike.so.com/doc/5096597-5324892.html\" target=\"_blank\">宝安寺</a>&quot;，明、清两代为&quot;宝梵寺&quot;。据寺院现存&quot;宝林禅院新公塔铭&quot;记载，宝梵寺在宋宣和元年以前就已经香火鼎盛了。之后，明成化十一年重修，清光绪十八年重建。寺内有<a href=\"https://baike.so.com/doc/2042743-2161454.html\" target=\"_blank\">壁画</a>、塑像、<a href=\"https://baike.so.com/doc/5779785-5992567.html\" target=\"_blank\">砖雕</a>。现存宝梵寺占地1000余平方米，<a href=\"https://baike.so.com/doc/814747-861730.html\" target=\"_blank\">坐北朝南</a>，青砖砌墙，布瓦盖顶。</p>\n\n<p><strong>清泉寺</strong></p>\n\n<p>清泉寺位于清徐县城西北七华里的中隐山小峪沟，俗称&quot;小峪寺&quot;。因寺前清泉汩汩，昼夜长流，故又名&quot;清泉寺&quot;，是山西省第一批重点文物保护单位。清泉寺始建于元至正二十四年，后经明清多次修葺。</p>\n\n<p><strong>马鸣山</strong></p>\n\n<p><a href=\"https://baike.so.com/doc/2039316-2157761.html\" target=\"_blank\">马鸣山</a>森林公园(俗马鬣寺)地处白石沟中游<a href=\"https://baike.so.com/doc/5592255-5804855.html\" target=\"_blank\">马峪乡</a>碾底村东北面，系中隐山支脉，距榆古干线公路2.4公里，距太祁高速公路4公里，距县城12公里，距<a href=\"https://baike.so.com/doc/4963867-5186038.html\" target=\"_blank\">葡峰山庄</a>、贯中祖茔6公里。马鬣寺始建于唐朝，位于素称清源古景之一的白石云松--马鸣山上，唐代建筑&quot;文殊石塔&quot;屹立山顶，还有汉唐佛教圣地--马鬣寺遗址石拱窑洞。</p>\n\n<p><strong>天禄堂</strong></p>\n\n<p>天禄堂位于清徐徐沟西南坊，天禄堂府第，是一组建筑群体。整个建筑群可分为两大区:即位于城内西南坊的住宅生活区，占地约6700平方米;二是位于城南的游览园陵区，包括一座肃穆的陵园，两座各占地30亩的秀丽花园。两区总面积约计55000平方米。</p>\n\n<p><strong>香岩寺</strong></p>\n\n<p>香岩寺俗名无梁殿，创建于金明昌元年(1190年)，明、清时期屡有修葺。寺依山而建，主体建筑为石结构无梁殿三 座，由东到西依次排列，分别为地藏殿、释迦殿和观音殿。占地面积约3600平方米。据碑文记载，寺院创建于金代明昌元年(1190年)。</p>\n\n<p><strong>清徐尧庙</strong></p>\n\n<p><a href=\"https://p1.ssl.qhmsg.com/t01021fc615937fe1cc.jpg\"><img alt=\"香岩寺(俗名无梁殿)\" id=\"img_8375010\" src=\"https://p1.ssl.qhmsg.com/dr/220__/t01021fc615937fe1cc.jpg\" title=\"香岩寺(俗名无梁殿)\" /></a></p>\n\n<p>清徐尧庙古称陶唐城，始建无考。庙坐北朝南，南北长60米，东<a href=\"https://p1.ssl.qhmsg.com/t01021fc615937fe1cc.jpg\">香岩寺(俗名无梁殿)</a>西宽70米，总面积4200平方米。现存建筑有帝尧殿、九连洞、娘娘殿、狐仙楼、藏经楼、乐台等。其中帝尧殿为明代建筑，余皆清代所建。帝尧殿面阔、进深各五间，平面为正方形，重檐歇山顶。</p>\n\n<p><strong>清徐东湖</strong></p>\n\n<p>东湖水面面积525亩，南北长710米，东西宽520米。水深平均3米，最深处4.5米，湖底为锅状形。</p>\n\n<p><strong>千佛洞</strong></p>\n\n<p>都沟石窟(又名千佛洞)，在县城西7公里处的都沟村北山上，与岩香寺浑然一体。该石窟开凿于唐末会昌年间(841-846)。1986年，山西省人民政府公布其为省级重点文化保护单位。石窟开凿在山腰上半部，现共存五窟。</p>\n\n<p><strong>严香寺</strong></p>\n\n<p><a href=\"https://baike.so.com/doc/1553467-1642167.html\" target=\"_blank\">严香寺</a>又名都沟石窟。据清源县志载，宋元佑三年(1088年)十月十五日凿出石洞。北宋绍圣年间(1094-1098年)在洞外建慈云禅寺，形成礼拜窟与附近建禅院的石窟寺院组合。清末更名为严香寺，此后屡有增修，建玉泉阁、罗汉堂、龙王庙、观音阁等建筑。现寺院已废，仅存小型洞窟五处和明嘉靖二十一年(1542年)慈云禅寺重修碑一通。</p>\n\n<h2>&nbsp;</h2>\n','00008.jpg','Day1：宝梵寺，Day2：清泉寺，Day3：马鸣山，Day4：天禄堂，Day5：香岩寺');

/*Table structure for table `menu` */

DROP TABLE IF EXISTS `menu`;

CREATE TABLE `menu` (
  `menu_id` int(11) NOT NULL AUTO_INCREMENT COMMENT '权限编号',
  `menu_name` varchar(100) DEFAULT NULL COMMENT '权限名',
  `parent_id` int(11) DEFAULT NULL COMMENT '父节点编号(-1为父节点)',
  `img` varchar(100) DEFAULT NULL COMMENT '图标',
  `url` varchar(100) DEFAULT NULL COMMENT '访问路径',
  PRIMARY KEY (`menu_id`)
) ENGINE=InnoDB AUTO_INCREMENT=17 DEFAULT CHARSET=utf8;

/*Data for the table `menu` */

insert  into `menu`(`menu_id`,`menu_name`,`parent_id`,`img`,`url`) values (1,'管理员',-1,NULL,''),(2,'导游',-1,NULL,''),(3,'用户管理',-1,NULL,''),(4,'区域1管理列表',1,NULL,'staff/query/区域1'),(5,'区域2管理列表',1,NULL,'staff/query/区域2'),(6,'区域3管理列表',1,NULL,'staff/query/区域3'),(7,'分社1-1',2,NULL,'staff/all/分社1-1'),(8,'分社1-2',2,NULL,'staff/all/分社1-2'),(9,'分社1-3',2,NULL,'staff/all/分社1-3'),(10,'权限管理',1,NULL,'role/all'),(11,'管理员列表',3,NULL,'admin/all'),(12,'订单列表',NULL,NULL,'order/all'),(13,'用户列表',NULL,NULL,'user/all'),(14,'游客信息',NULL,NULL,NULL),(15,'单价管理',NULL,NULL,NULL),(16,'景点管理',NULL,NULL,NULL);

/*Table structure for table `menu_role` */

DROP TABLE IF EXISTS `menu_role`;

CREATE TABLE `menu_role` (
  `menu_role_id` int(11) NOT NULL AUTO_INCREMENT COMMENT '中间表编号',
  `menu_id` int(11) DEFAULT NULL COMMENT '权限编号',
  `role_id` int(11) DEFAULT NULL COMMENT '角色编号',
  PRIMARY KEY (`menu_role_id`),
  KEY `menu_role_menu_menu_id_fk` (`menu_id`),
  KEY `menu_role_role_role_id_fk` (`role_id`),
  CONSTRAINT `menu_role_menu_menu_id_fk` FOREIGN KEY (`menu_id`) REFERENCES `menu` (`menu_id`),
  CONSTRAINT `menu_role_role_role_id_fk` FOREIGN KEY (`role_id`) REFERENCES `role` (`role_id`)
) ENGINE=InnoDB AUTO_INCREMENT=18 DEFAULT CHARSET=utf8;

/*Data for the table `menu_role` */

insert  into `menu_role`(`menu_role_id`,`menu_id`,`role_id`) values (1,1,1),(2,3,1),(3,1,2),(4,4,2),(5,1,3),(6,5,3),(7,1,4),(8,6,4),(9,1,16),(10,3,16),(11,4,16),(12,5,16),(13,6,16),(14,2,16),(15,7,16),(16,8,16),(17,9,16);

/*Table structure for table `orders` */

DROP TABLE IF EXISTS `orders`;

CREATE TABLE `orders` (
  `order_id` bigint(20) NOT NULL COMMENT '订单编号',
  `user_id` int(11) DEFAULT NULL COMMENT '用户编号',
  `attraction_id` int(11) DEFAULT NULL COMMENT '景点编号',
  `staff_id` int(11) DEFAULT NULL COMMENT '导游编号',
  `type_id` int(11) DEFAULT NULL COMMENT '类型编号',
  `create_time` datetime DEFAULT NULL COMMENT '下单时间',
  `departure` datetime DEFAULT NULL COMMENT '出发时间',
  `place` varchar(100) DEFAULT NULL COMMENT '集合地点',
  `state` int(11) DEFAULT NULL COMMENT '订单状态(0为未支付，1为已支付，2为退单)',
  `total` double(10,2) DEFAULT NULL COMMENT '总价',
  PRIMARY KEY (`order_id`),
  KEY `FKidlwbmtcgkjh0opb5avp06wd2` (`attraction_id`),
  KEY `FK4ery255787xl56k025fyxrqe9` (`staff_id`),
  KEY `FK3st5s3yso6m1nu1wdpfaof1q` (`type_id`),
  KEY `FKel9kyl84ego2otj2accfd8mr7` (`user_id`),
  CONSTRAINT `FK3st5s3yso6m1nu1wdpfaof1q` FOREIGN KEY (`type_id`) REFERENCES `type` (`type_id`),
  CONSTRAINT `FK4ery255787xl56k025fyxrqe9` FOREIGN KEY (`staff_id`) REFERENCES `staff` (`staff_id`),
  CONSTRAINT `FKel9kyl84ego2otj2accfd8mr7` FOREIGN KEY (`user_id`) REFERENCES `user` (`user_id`),
  CONSTRAINT `FKidlwbmtcgkjh0opb5avp06wd2` FOREIGN KEY (`attraction_id`) REFERENCES `attraction` (`attraction_id`)
) ENGINE=InnoDB DEFAULT CHARSET=utf8;

/*Data for the table `orders` */

insert  into `orders`(`order_id`,`user_id`,`attraction_id`,`staff_id`,`type_id`,`create_time`,`departure`,`place`,`state`,`total`) values (2019042919143410,1,25,2,1,'2019-04-29 11:12:57','2019-04-30 11:00:00','北门',1,NULL),(2019042919201540,2,30,2,2,'2019-04-29 11:13:37','2019-05-01 11:00:00','南门',1,NULL),(2019042919201554,3,29,2,1,'2019-04-29 11:15:37','2019-04-29 11:15:40','中门',1,NULL),(2019043005481453,NULL,28,NULL,NULL,'2019-04-30 17:48:14',NULL,'',0,NULL),(2019043005532211,NULL,31,NULL,2,'2019-04-30 17:53:22','2019-04-30 17:53:15','北门',2,NULL);

/*Table structure for table `price` */

DROP TABLE IF EXISTS `price`;

CREATE TABLE `price` (
  `attraction_id` int(11) DEFAULT NULL COMMENT '景点编号',
  `type_id` int(11) DEFAULT NULL COMMENT '类型编号',
  `price` double(10,2) DEFAULT NULL COMMENT '单价',
  KEY `price_attraction_attraction_id_fk` (`attraction_id`),
  KEY `price_type_type_id_fk` (`type_id`),
  CONSTRAINT `price_attraction_attraction_id_fk` FOREIGN KEY (`attraction_id`) REFERENCES `attraction` (`attraction_id`),
  CONSTRAINT `price_type_type_id_fk` FOREIGN KEY (`type_id`) REFERENCES `type` (`type_id`)
) ENGINE=InnoDB DEFAULT CHARSET=utf8;

/*Data for the table `price` */

insert  into `price`(`attraction_id`,`type_id`,`price`) values (25,2,400.00),(25,1,350.00),(26,2,1000.00),(26,1,700.00),(27,2,5000.00),(27,1,4000.00),(28,2,7000.00),(28,1,6700.00),(29,2,600.00),(29,1,400.00),(30,2,900.00),(30,1,800.00),(31,2,200.00),(31,1,220.00),(32,2,1000.00),(32,1,900.00);

/*Table structure for table `role` */

DROP TABLE IF EXISTS `role`;

CREATE TABLE `role` (
  `role_id` int(11) NOT NULL AUTO_INCREMENT COMMENT '角色编号',
  `role_name` varchar(10) DEFAULT NULL COMMENT '角色名',
  PRIMARY KEY (`role_id`)
) ENGINE=InnoDB AUTO_INCREMENT=18 DEFAULT CHARSET=utf8;

/*Data for the table `role` */

insert  into `role`(`role_id`,`role_name`) values (1,'总部管理员'),(2,'区域1管理员'),(3,'区域2管理员'),(4,'区域3管理员'),(5,'分社1-1'),(6,'分社1-2'),(7,'分社1-3'),(8,'分社2-1'),(9,'分社2-2'),(10,'分社2-3'),(11,'分社3-1'),(12,'分社3-2'),(13,'分社3-3'),(16,'人事部主管'),(17,'人事部主管2');

/*Table structure for table `staff` */

DROP TABLE IF EXISTS `staff`;

CREATE TABLE `staff` (
  `staff_id` int(11) NOT NULL AUTO_INCREMENT COMMENT '员工编号',
  `staff_name` varchar(100) DEFAULT NULL COMMENT '员工姓名',
  `staff_sex` char(1) DEFAULT NULL COMMENT '员工性别',
  `card_id` varchar(20) DEFAULT NULL COMMENT '身份证号',
  `phone` varchar(20) DEFAULT NULL COMMENT '手机号',
  `job` varchar(10) DEFAULT NULL COMMENT '职务',
  `workplace` varchar(10) DEFAULT NULL COMMENT '工作地',
  `admin_id` int(11) DEFAULT NULL,
  PRIMARY KEY (`staff_id`),
  KEY `FK576psbkwg4es91bbxxstg0du6` (`admin_id`),
  CONSTRAINT `FK576psbkwg4es91bbxxstg0du6` FOREIGN KEY (`admin_id`) REFERENCES `admin` (`admin_id`)
) ENGINE=InnoDB AUTO_INCREMENT=13 DEFAULT CHARSET=utf8;

/*Data for the table `staff` */

insert  into `staff`(`staff_id`,`staff_name`,`staff_sex`,`card_id`,`phone`,`job`,`workplace`,`admin_id`) values (1,'A','男','12345676767463','15634501499','管理员','总部',1),(2,'B','女','4534345439','18356456329','导游','上海',2),(6,'C','男','15465132165645','156455154454','管理员','总部',3),(7,'D','女','145161566126','1558951531','管理员','区域2',4);

/*Table structure for table `type` */

DROP TABLE IF EXISTS `type`;

CREATE TABLE `type` (
  `type_id` int(11) NOT NULL AUTO_INCREMENT COMMENT '类型编号',
  `type_name` varchar(10) DEFAULT NULL COMMENT '类型名称',
  PRIMARY KEY (`type_id`)
) ENGINE=InnoDB AUTO_INCREMENT=3 DEFAULT CHARSET=utf8;

/*Data for the table `type` */

insert  into `type`(`type_id`,`type_name`) values (1,'组团游'),(2,'散客游');

/*Table structure for table `user` */

DROP TABLE IF EXISTS `user`;

CREATE TABLE `user` (
  `user_id` int(11) NOT NULL AUTO_INCREMENT COMMENT '普通用户编号',
  `email` varchar(100) DEFAULT NULL COMMENT '电子邮箱(用户名)',
  `password` varchar(100) DEFAULT NULL COMMENT '登录密码',
  `state` int(2) DEFAULT NULL COMMENT '激活状态(0为未激活，1为已激活)',
  `code` varchar(10) DEFAULT NULL COMMENT '激活码 邮箱注册时根据邮箱验证',
  PRIMARY KEY (`user_id`)
) ENGINE=InnoDB AUTO_INCREMENT=4 DEFAULT CHARSET=utf8;

/*Data for the table `user` */

insert  into `user`(`user_id`,`email`,`password`,`state`,`code`) values (1,'123@qq.com','123',1,'F3GT'),(2,'456@qq.com','456',1,'U5F4'),(3,'789@qq.com','789',1,'6SHJ');

/*Table structure for table `visitor` */

DROP TABLE IF EXISTS `visitor`;

CREATE TABLE `visitor` (
  `visitor_id` int(11) NOT NULL AUTO_INCREMENT COMMENT '游客编号',
  `visitor_name` varchar(100) DEFAULT NULL COMMENT '游客姓名',
  `card_id` varchar(20) NOT NULL COMMENT '身份证号',
  `phone` varchar(20) DEFAULT NULL COMMENT '手机号',
  `order_id` bigint(20) DEFAULT NULL COMMENT '订单编号',
  PRIMARY KEY (`visitor_id`),
  KEY `FKpro6gme2i8thy5i476jyb6rh8` (`order_id`),
  CONSTRAINT `FKpro6gme2i8thy5i476jyb6rh8` FOREIGN KEY (`order_id`) REFERENCES `orders` (`order_id`),
  CONSTRAINT `visitor_order_order_id_fk` FOREIGN KEY (`order_id`) REFERENCES `orders` (`order_id`)
) ENGINE=InnoDB AUTO_INCREMENT=14 DEFAULT CHARSET=utf8;

/*Data for the table `visitor` */

insert  into `visitor`(`visitor_id`,`visitor_name`,`card_id`,`phone`,`order_id`) values (3,'小明','140105199001252914','18435135636',2019042919143410),(4,'小王','140105199001252912','18435135633',2019042919143410),(9,'小明','140105199001252914','18435135633',2019043005481453),(10,'小明','140105199001252912','18435135636',2019043005532211),(11,'李四','121212121212','1212121111',NULL),(12,'李四','121212121212','1212121111',NULL),(13,'李四','121212121212','1212121111',NULL);

/*!40101 SET SQL_MODE=@OLD_SQL_MODE */;
/*!40014 SET FOREIGN_KEY_CHECKS=@OLD_FOREIGN_KEY_CHECKS */;
/*!40014 SET UNIQUE_CHECKS=@OLD_UNIQUE_CHECKS */;
/*!40111 SET SQL_NOTES=@OLD_SQL_NOTES */;
